7,13.2,3.5,9.6,0
7,8.7,4.8,5,0.2
7,12.1,1.8,9.8,6.4
7,9.5,1,9.8,0
7,12.3,1.6,6.2,0.4
7,12,2.3,9.7,0
7,12.7,1,10.3,0.2
7,13.9,2.3,9.7,0
7,15.6,3.3,10.3,0.4
7,15.5,8.5,3.2,0
7,15.9,10.1,10.1,0
7,16,4.7,10.5,6
7,15.9,7.9,2.2,0
7,11.7,6.6,6.6,18.2
7,12.5,5.4,10.7,0
7,13.4,2.2,10,0
7,12.7,4.5,9.3,0
7,13.8,3.1,10.1,0
7,12.1,6.1,7.8,4.4
7,12.4,0.7,11.1,0.1
7,12.1,1.9,11.1,0
7,13,0.3,11.5,0
7,15.8,1.1,11.4,0.2
7,13.4,3.1,10.4,0
7,7,0,5.4,0
7,13.2,2,9.4,0.5
7,15.2,3.4,11.7,0
7,14.2,6.2,2.7,0
7,15,8.8,4.1,5.2
7,15.3,10,7,1
7,14.6,9.5,8.6,0.4
8,10.9,8.1,6.6,0
8,13.9,5.8,11.6,1.2
8,14.9,3.4,11.9,0
8,10.4,6.9,7.2,0
8,12.8,6,10.6,0.2
8,13,3.8,12.5,0
8,13.7,1.7,12.3,0
8,13.5,3.4,12.1,0
8,15.4,3.8,13.5,0
8,17.9,6.6,5.2,3.6
8,10,7.6,4.5,0
8,13.6,7,8.8,16.2
8,14.2,4,12.6,0.2
8,15.3,6.8,8.5,0
8,13.5,7.6,7.8,0
8,12.5,5.7,8.7,4.4
8,12.2,1.6,14.8,0
8,13.2,3.6,3.3,0
8,15.8,8.7,12.2,4
8,12.8,3.4,13.5,0
8,13.8,2.4,12.8,0
8,15.3,4.8,13.8,0
8,11.9,7.4,8.3,0.2
8,13.8,6.3,11.1,0
8,12.4,1.8,13.6,0.8
8,11.4,6.1,10.6,1.6
8,13.3,7.3,11.6,1.4
8,14.3,2.4,14.3,0
8,15.5,4,13.7,0
8,15.4,3.5,15.3,0.4
8,16.4,3.8,14.9,0
9,17.1,10.3,6.3,0
9,18.9,10.9,13,0.6
9,20.1,5.1,13.6,0
9,18.1,11.6,4.9,14.2
9,15.2,9.3,12.6,0
9,15.3,4.9,10.7,12
9,14.8,3.1,15.9,2.6
9,16.7,3.7,17.2,0
9,16.8,11.1,7.9,0
9,15.3,9.4,13.1,9
9,17,5.2,17.7,0
9,17.9,6.8,12.9,0
9,19.6,8.8,15.8,2.2
9,13.8,8.9,3.6,0
9,14.1,4.9,16.4,21.4
9,11,6.3,10.1,0
9,14.5,3.3,19.7,0
9,15.1,6,16.2,0
9,17.3,4.4,17.4,0
9,18,3.4,20.5,0
9,18.9,4.7,20.4,0
9,18.7,6.7,20.8,0
9,19.7,3.4,21.6,0
9,18.8,3.6,21.9,0
9,22.5,8,19.8,0
9,21.7,7,21.9,0
9,22.2,9.4,17.9,0
9,15.3,5,19.3,0
9,15,2.1,22.4,0
9,15.2,0.8,21.4,0
10,18,6.6,19.2,0
10,20.5,6.8,21.8,0
10,23.3,9.8,17,0
10,24.3,11.7,20.7,0
10,28.5,12.7,22.2,0
10,27.6,13.4,18,0
10,17.2,6.2,23.6,3
10,19.6,3.9,22.8,0
10,22.9,4.6,23.5,0
10,25,8.3,22.8,0
10,25.4,10.9,22.6,0
10,24,16.7,16.1,0
10,20.6,16.3,5.2,11.2
10,22,14.1,15.1,0
10,18.9,15,4.7,60.2
10,13.2,4.4,19.5,0
10,16.2,4.5,17.3,12.6
10,18.8,8.4,25.5,2.8
10,19.9,7,27.3,0
10,22.8,5.9,27.5,0
10,26.8,10.9,26.2,0
10,28.5,13.7,26.1,0
10,20.2,15.5,5.1,0
10,22.4,7,27.3,0
10,23.4,9.6,23,3
10,25.3,11.1,27.9,0
10,23.6,11,27.2,0
10,25.5,8.5,28.6,0
10,28.2,13.5,25.5,0
10,21.3,17.4,4.1,0
10,20.1,11.9,16.8,31.2
11,18.9,9.8,19.5,1.4
11,21.4,7.1,25.4,0
11,20,8.9,23.2,0
11,18.3,8.2,24.1,0
11,21.7,9.7,24.2,0
11,23.4,9.5,25.4,0
11,28.6,12.1,26.7,0
11,27.5,16.5,18.6,0
11,30.8,14.6,29.6,0
11,31.8,18.3,20.6,0
11,33.8,18.1,27,0
11,35.1,20.8,26.7,0
11,33,19.4,12,0
11,22.3,18.9,8.5,0
11,24.8,15.6,27.5,28.2
11,22.4,12.2,19,0
11,25.6,10.7,31,0
11,27.5,10.2,30.5,0
11,28.7,7.9,31.6,0
11,30,12.7,31.9,0
11,32,15.9,30.7,0
11,32.2,16.3,29.4,0
11,29,18.4,22.7,0
11,32.7,17.9,22.3,0
11,30.9,19.5,13.7,0
11,28.3,17.2,18.6,8.8
11,29.1,17.8,7.1,0
11,21.3,14.6,8.9,0
11,24.2,11.7,12.2,49
11,19.9,15.4,9,1.4
12,26.9,16,24.3,5.2
12,28.1,15.1,26.4,0.4
12,29.2,16.5,25.6,0.6
12,30.8,17.8,24.1,0
12,33,18.1,30,0
12,31.9,18.6,26,0
12,32.4,19.9,16.5,0
12,30.1,21.1,14.2,1.4
12,29.4,18.9,26.5,7.8
12,25.5,17.5,32.4,0
12,25.7,11.7,33,0
12,25.3,15.7,30.9,0
12,27.5,12.1,32.7,0
12,30.8,15.6,29.3,0
12,34.1,18.4,23.8,0
12,26.6,14.5,34.1,0
12,28.3,14.2,26.6,0
12,24.8,13.9,26.7,0
12,22.5,14.7,14.9,0
12,22.1,8.4,31,5
12,23.8,11,30.7,0
12,29.6,10.3,33.6,0
12,31.3,15.1,33.8,0
12,34.2,14.3,33.4,0
12,34.4,20.4,24.5,0
12,35.4,19.4,31.3,0
12,24.7,11,34.3,0
12,30,8.6,34,0
12,33.1,16.8,33.9,0
12,37.7,18.9,33.3,0
12,40.8,22.1,33,0
1,40.2,25,23.4,0
1,35.1,23.1,32.7,0
1,31.7,12.4,33.9,0
1,32.4,12.8,32.9,0
1,31.1,17.9,25.3,0
1,34,16.9,32.6,0
1,33.8,21,29.3,0
1,35.5,20.8,28.6,0
1,36.7,21.5,24.4,0
1,31.9,21.3,20.9,18.6
1,29.7,19.8,11.8,8.2
1,31.2,21.4,8.5,0
1,33.8,23.4,14,54
1,25.4,24.5,7.2,1.8
1,32.2,20.5,32.5,0
1,35.8,20.4,31.7,0
1,28.2,18.8,32.6,7.6
1,28.1,12.5,32.7,0
1,30,12.4,32.5,0
1,35.3,15.6,32,0
1,37,23.1,26.9,0
1,36.8,20.5,27.7,0
1,36,20.7,31.3,0
1,35.2,22.2,26.6,7.4
1,35.8,19,29.9,0
1,37.3,24,28.2,0
1,34.4,17.6,29.7,0
1,33.7,14.8,32.5,0
1,35.1,16.4,31.3,0
1,38.4,22.1,30.2,0
1,41.1,25,29.7,0
2,41.8,25.2,30,0
2,33.6,23.6,10.7,2.2
2,35,22.1,20.6,1.4
2,35.3,22.9,15.2,24
2,29.3,23.4,8.1,0
2,19.8,13.9,24.1,0
2,25.2,11.4,30.2,99.8
2,29.3,12,29.6,0
2,30.8,17.3,28,0
2,33.1,20.9,20.5,0
2,34.2,23.6,11.8,3.6
2,27.7,17.7,23.8,0
2,27.7,11.9,29.1,0
2,30.5,15,27.8,24.8
2,29.1,17.5,24.5,0
2,22.4,17,6,10.8
2,29.8,17,22.8,6.2
2,33.7,20,22.7,0
2,29.4,24,16.1,0
2,26.5,16.8,26.3,0
2,21.1,9.5,27.1,17.8
2,25.6,11.2,27.1,0
2,27.1,13,27.2,0
2,30,14.9,27.1,0
2,30.6,16.8,23.7,0
2,32,18.5,24.9,0
2,27.1,20.3,12.2,0
2,34,19.9,20.2,2.2
3,23.3,18,21.3,0
3,23.9,6.5,27.3,0.2
3,23.6,9.2,26.6,0
3,23.6,9.1,26.4,0
3,28.1,8,25.9,0
3,27.5,13.4,25.7,0
3,29.6,13.9,25.5,0
3,31.7,17.6,20.3,0
3,24.7,19.7,8.7,0
3,22.3,19.3,8.1,5
3,26.6,18.6,12.7,1
3,30.9,18.7,17.7,0
3,32.6,21.3,21,0
3,26.4,20.2,5.2,0
3,29,17.6,18.5,0.4
3,29.9,19.3,23,0
3,26.2,10.2,23.3,0
3,25.6,11,19,0
3,29.5,12.5,20.1,0
3,29.9,17.3,20.4,0
3,24.1,18.4,5.7,5.7
3,26.8,18.5,13.9,0
3,21.1,14.6,13.1,1
3,21.7,14,11.6,4.8
3,20.9,12.6,15.1,1.8
3,24.5,8.5,18.7,0
3,24.9,12,20.6,0
3,26.1,11.9,20.3,0
3,29.2,15,17.1,0
3,29.4,16.8,14.2,0
3,22.6,7.6,19.9,0
4,25.6,10.2,20.6,0
4,22.5,10.1,20.8,0
4,23.4,5.1,20.5,0
4,24.8,8.5,19.8,0
4,25.5,11.7,19.3,0
4,25.4,12.1,17.4,0
4,25.3,12.4,19.1,0
4,26.9,12.2,18.5,0
4,28.9,15.5,14.6,0
4,17.3,12.6,8.8,0
4,15.4,6.5,8.1,17
4,17.1,9.3,11.3,3.8
4,17,7.3,9.6,0.2
4,21.1,9.2,14.9,0
4,21.9,7.4,17.1,0
4,22.5,10.6,16.7,0
4,22.6,7.9,17,0
4,23.9,8.7,16.6,0
4,25.5,12,11.2,0
4,19.9,14.8,3.4,0
4,22.7,9.5,11.3,0
4,19.9,7.9,11.8,0
4,20.1,6,15.4,0
4,20.6,6.9,15.4,0
4,24.8,7,15,0
4,25.2,11.6,14.3,0
4,22.2,10.2,14.8,1.8
4,23.7,10.3,14.3,0
4,24.1,10.8,13.7,0
4,25,9.5,13.2,0
5,24.1,11.9,9.7,0
5,22,12,12.1,0
5,21,9.1,13.2,0
5,19.4,6.9,13.8,0.6
5,19.6,5.3,13.8,0
5,18.6,3.6,13.2,0
5,19.1,4,11.4,0
5,17.6,3.6,11.6,0
5,16.6,3.1,12.5,0
5,16.4,2.5,13,0
5,12,3.7,7.9,0.8
5,12.8,5.9,6.2,6.8
5,13.4,7.7,7.9,1.6
5,14,4.6,11.6,0
5,15.6,1.6,12.2,0
5,14.6,1.8,12.1,0
5,16.1,0,12.1,0
5,18.2,3.6,10.7,0
5,22.6,4.8,11.6,0
5,22.5,7.1,8.5,0
5,24.1,9.8,10.3,0
5,23.8,14.4,7.9,0
5,14.7,11.6,6.2,7.8
5,14.7,7.2,8.8,3
5,14.9,3.6,11,0
5,14.3,1.1,9.3,0
5,15.7,2.6,8.2,0
5,16.1,5.7,6.9,0
5,15.1,2.1,9.1,0
5,16.8,4.7,9.6,0
5,20.3,4.1,9.9,0
6,20.6,7.2,10.4,0
6,20.7,9,10.5,0
6,20.2,6.8,9.4,0
6,15,10.9,5.9,0
6,13.3,7.3,6.6,0
6,12.6,5.8,10.6,7
6,13.3,2.6,6.9,0
6,10.2,1.2,10.4,0
6,14.1,3.6,9.9,1.4
6,14.1,1.7,9.9,0
6,14.6,0.4,10.1,0
6,16.1,1.9,9.9,0
6,16.1,4.3,9.5,0
6,16.3,2.9,9.8,0
6,17.5,3.5,9.9,0
6,18.6,4.7,9.3,0
6,15.2,4.8,8.1,0
6,15.6,3.1,7.4,0
6,15.8,6,4.9,0
6,17.4,9.7,8.2,0.2
6,11.9,7.1,8.5,3.6
6,13,2.7,8.1,0
6,14.3,5.6,6.2,0.4
6,17.8,7.8,6.7,0
6,15.8,3.4,9.7,0
6,17,4.3,9.9,0
6,17.7,3.9,9.8,0
6,17.4,3.8,9.9,0
6,18.4,6,9.1,0
6,18.2,4.9,9.7,0.2
7,16.2,4.7,9.9,0
7,17.9,3,9.7,0
7,19.5,9.6,4.1,0
7,16.2,8.8,9.8,6.2
7,13.9,5.5,8.5,0.8
7,13.4,6.8,5.3,0
7,13,7.4,9.6,1
7,10.5,-0.9,6.8,0
7,10.7,2.4,6.8,0.3
7,12.2,5.5,6.4,0
7,13.5,2.8,9.7,0
7,11,1.4,5.7,0
7,11.6,4.1,7.3,0.4
7,12.8,1.4,10.6,0
7,13.8,1.3,10.9,0.2
7,15.1,4.5,8.4,0
7,13.7,5.6,5.7,0
7,12.6,8.2,6.8,1.6
7,15.2,3.9,9.8,1.8
7,18.5,4.8,10.1,0
7,17,2.9,10.8,0
7,17,3.5,10.6,0
7,15.7,3.4,11.2,0
7,15.9,5.7,6.3,0
7,12.3,7.6,7.1,5
7,14.4,3.5,10.9,0.3
7,14.9,0.2,11.8,0
7,16.8,1.9,12.1,0
7,18.2,1.8,12.2,0
7,20.1,6.4,11.5,0
7,20.1,8.1,11.9,3.8
8,21.7,7,12.6,0
8,24.5,9.2,12.1,0
8,26.6,9.8,11.7,0
8,26,12.9,12.2,0
8,23.6,12.9,11.2,0
8,16.4,9.9,6.3,0
8,15.4,6,8,0
8,11.6,6.6,6.7,17.2
8,12.7,2.6,9.2,0
8,14.6,3.9,9.1,5.2
8,16.6,6.7,10.1,0
8,18.7,3.7,13.1,0
8,17,4.2,9.7,0
8,18.7,7.8,12.3,0
8,18.6,6.2,9.1,0
8,20.9,10.3,12.8,0.6
8,13.1,10.8,2.6,1.8
8,9.6,4.7,5,14
8,16.7,5.9,14.4,15.4
8,17.6,6,15.8,0
8,18,6.3,15.6,0
8,17.3,4.5,15.9,0.2
8,18.8,5.4,16,0
8,19.5,4.3,16.3,0
8,22.6,7,16.4,0
8,19.9,5.6,16.5,0
8,18.4,5.6,16.6,0
8,19,5.4,16.9,0
8,19.2,4.5,13.5,0
8,15.5,2.8,17.4,0
8,17.6,1.4,17.2,0
9,19,4.4,16.1,0
9,21,6.8,16.3,0
9,21.7,8.8,15.2,0
9,22.7,13.1,9.2,0
9,23.2,10.3,11.5,1.2
9,20.4,15.3,6.8,0
9,15.3,3.2,14.1,0.8
9,16.4,2.7,14.2,0
9,14,5.1,12.8,0.4
9,16.3,4.1,17.4,0
9,15.1,4.7,12.6,0
9,16.4,0.4,19,3.2
9,19.1,2.5,18.6,0
9,25.3,6.4,18.8,0
9,20.6,4.8,19,0
9,27.2,8.6,15.5,0
9,30.4,9.5,14.8,0
9,26.3,9.4,20.1,0
9,31.6,11.4,19,0
9,19,10.6,17.4,0.2
9,,4.9,19.8,0
9,26.9,8.4,20.6,0
9,21.4,10.4,21.1,0
9,18.2,2.6,20.5,0
9,21.5,8.7,19.5,0
9,22.4,7.1,20.3,0
9,25.9,10.4,18.5,0
9,19.2,11.9,3.7,0.8
9,15.3,9.9,10.5,25.4
9,18.4,5.5,17.2,2
10,12.6,8.6,11,0
10,21.3,6.1,20.2,0
10,20.3,7.4,21,0
10,21.9,6.9,22.3,5.2
10,19.5,10.2,7.6,0
10,15.7,11.4,3.6,1.6
10,20.2,11.8,11,0.5
10,23.5,9.9,17.5,0
10,20.4,8.8,13.9,0
10,18.7,5.6,21.6,0.2
10,20,5,20.2,0
10,21.9,5.5,25.4,0
10,25.6,7.4,20.6,0
10,27.9,13.9,23,0
10,28.3,15.7,25.3,0
10,21.7,8.8,26.2,0
10,23.9,4.9,27.2,0
10,26.7,7.4,26.5,0
10,29.6,10.9,26.5,0
10,31.4,13.4,26.9,0
10,31.5,16.9,22.6,0
10,32.9,15.2,15.6,0
10,34.5,17.8,24.4,0
10,32.3,20.1,8.2,0
10,23,11.4,26.4,6.6
10,25.2,11.4,25,0
10,28.2,9.8,26.6,0
10,32.6,15.5,20.9,0
10,27.8,17.4,18.9,0
10,23,9.8,27.7,0
10,26,7,29.1,1
11,27.9,7.5,29.4,0
11,25.6,9.4,25.9,0
11,25.4,11.1,28.9,0
11,30.3,8.5,29,0
11,34.1,14.1,29,0
11,35.1,22.2,20.2,0
11,32.9,19.5,25.4,9.3
11,30.1,22.7,10.4,2.2
11,35.9,18.8,20,2.6
11,24.2,13.6,30,24.8
11,27.8,10.4,30.5,0
11,29.9,13.8,30.2,0
11,32.1,15.5,26,0
11,31.9,21.1,30.4,0
11,33.8,14.8,30.8,0
11,27.1,18,10.4,0
11,31.1,14.8,25.2,0
11,35.7,18.2,28.7,0
11,38.1,23.5,22.6,0
11,22.3,18.4,13.6,0
11,25.7,11.8,22.4,4.2
11,20.9,12.3,7.3,0
11,27.4,10.6,29.3,0
11,25,15.4,18.9,0
11,20.1,13.5,17.7,2.2
11,24.3,14.3,13.9,0
11,28.8,14.5,32,0
11,34.3,16.6,28.1,5.6
11,37.8,24.2,20.6,0
11,23.1,21.3,16.4,0
12,24.3,9.3,33.7,0
12,26.6,8.8,32.5,0.4
12,29.8,13.4,26.3,0
12,26.9,11.2,31.2,0
12,25.6,8.8,32.3,0
12,26.7,12,31.6,0
12,28.5,14.1,27.5,0
12,30.7,14.3,30.4,0
12,29.1,16.3,19.2,0
12,30.8,18.2,16.6,0
12,31.3,19,27.1,0
12,27.9,10.3,33.7,8.4
12,27.1,11.8,34,0
12,29.7,9.2,33.1,0
12,31.5,15.4,30.4,0
12,32.3,16.8,25.8,0
12,32.3,17.9,27.5,0
12,26.7,21.1,12.2,0
12,28.5,19.2,22.9,90.4
12,30.5,12.7,33.7,0
12,32.3,15,32.1,0
12,31.9,17.2,30,0
12,33.7,15.5,32.3,0
12,36.5,19.9,31.6,0
12,37,21.2,19,0
12,31.7,18.9,25.1,9.2
12,29.8,10.9,33.3,0
12,31.3,12.4,33.1,0
12,33.6,17.1,33.3,0
12,33.1,18.3,33.3,0
12,33.3,17.6,33.1,0
1,37.5,20.1,33.1,0
1,39.7,22,32.5,0
1,40.5,24,28.6,0
1,35,23.5,21.3,0
1,32.5,13.6,33.6,0
1,32,10.2,34.2,0
1,37.8,17.6,27.4,0
1,30.6,20.9,9.6,0
1,26.1,13.4,30.2,1.4
1,27,13.6,26.1,0
1,23.9,13.2,25.8,0
1,26.5,9.3,33.1,0
1,28.9,10.2,30.9,0
1,32.3,10.2,32.9,0
1,31.9,17.8,30.9,0
1,32.5,16.6,29.2,0
1,34.9,19.8,31,0
1,36.8,22.4,15.2,0
1,37.3,19.6,31.2,3.4
1,38.3,24.4,28.6,0
1,36.9,20.1,31.1,0
1,33.2,20.3,31.2,0
1,33,17.8,31.5,0
1,32.5,17.1,25.8,0
1,33.8,20,27.2,0
1,34.2,19.8,22.3,0
1,34.1,20.7,24.3,0
1,31.7,21.6,17.2,0
1,32,22.7,15.2,0
1,30,20.9,17.1,17
1,25.9,15.2,31.7,0
2,29.2,12.9,29.4,0
2,26.3,16.4,16.3,0
2,27.7,15.8,26.5,0.2
2,32.5,17.1,29.3,0
2,35.8,21,22,0
2,25.8,12.3,30.8,0
2,28.4,11.5,30.5,0
2,28.3,10.7,30.5,0
2,30.4,15.1,28.2,0
2,30.3,17.5,25.8,0
2,30,15,26.1,0
2,29.6,13.3,29,0
2,30.6,14,28.5,0
2,32.7,16.6,28.4,0
2,34.1,18.5,27.1,0
2,32.2,21.9,9,0.4
2,35.5,18.2,25.4,0.2
2,35.3,18.6,26.6,0
2,34,20.4,15.4,0
2,24.8,19,7.9,2.2
2,30.3,15.1,25.1,2.6
2,31.1,18.1,23.3,0
2,34.4,16.9,26.7,0
2,35.3,19.9,27.1,0
2,34.9,20.5,26,0
2,28.3,20.2,12.9,0
2,29.3,20.6,15.3,0
2,25.5,22.3,4.6,4.4
2,23.4,20.9,5.5,14.2
3,23.2,18.6,2.7,17.6
3,21.5,17.1,3.4,11.6
3,21.3,15.4,1.8,0
3,26.1,15.2,22.2,0
3,24,14.3,27.9,53
3,25.3,12.6,26.9,0
3,23.3,12.9,26.8,0
3,24.9,13,26.8,0
3,26.6,13.8,26.3,0
3,26.4,13.4,26.2,0
3,24.8,14.3,25.8,0
3,26.8,13.5,25.7,0
3,30.9,16.5,22.7,0
3,31.2,21,15.2,0
3,31,20.3,21,0
3,21.1,19.5,2.2,41.6
3,24.1,14.9,22.6,25.6
3,24.8,14,23.7,0
3,26.2,14.3,22.5,0
3,28.8,14.7,22.8,0
3,30.1,17.3,13,0
3,21.9,9.5,23.1,0
3,19.4,9.2,10.1,0
3,20.7,9.4,12.1,0
3,21.9,9,18.4,0
3,23.7,10.8,20.6,0
3,21.4,12.2,5.2,0
3,26,14.6,17.3,0
3,26.7,13,17.7,0
3,28.1,12.6,16.2,0
3,29.9,15.9,14.7,0
4,26.3,14.6,12.3,0
4,26.9,12.8,20.1,0
4,31.5,17,18.2,0
4,28.5,14.3,19.1,0
4,29.7,15.8,18.9,0
4,31.4,18.1,17.6,0
4,20.5,8.9,19.1,0
4,21.9,6.9,16.4,0
4,20.4,7.3,15.1,0
4,18.2,3.4,18.7,0
4,20.1,3.7,18.4,0
4,23.2,6.5,17.9,0
4,24.7,8.4,17.6,0
4,22.6,11.9,8.8,0
4,27.6,12.4,16,0
4,27.6,12.4,16.3,0
4,25.7,13.1,16.4,0
4,25.7,13.6,11.2,0
4,22.6,16.1,7.1,0
4,24.2,15.2,13.6,9.6
4,26,11.9,13.4,0
4,25.7,14.8,12.7,0
4,24.3,12.2,13.6,1.4
4,16.4,8.3,12.9,0
4,16.8,5.5,9.5,0
4,17.1,6.3,8.4,0
4,20.7,6.7,14.4,1.8
4,22.1,6.1,14.4,0
4,20.4,7.4,14.3,0
4,21.1,6.2,12.2,0
5,24,11.9,14.8,0
5,21.6,13.4,10.2,0.6
5,16.6,3.1,14.9,0
5,18.5,4.3,13.2,0
5,17.6,4.5,13.4,0
5,17.6,3.6,13.5,0
5,18.9,8,9.9,1
5,23.8,9.1,12.9,0
5,27,12.9,12,0
5,24.9,11.7,11.9,0
5,22.1,12.5,12.5,0
5,16.2,3.8,11.4,0
5,17.1,6.5,10.8,0
5,15.2,2.5,12.1,0
5,17.4,3.5,12.1,0
5,18.5,1.3,11.8,0
5,19.3,4.9,11.7,0
5,20.4,4.4,11.3,0
5,20.5,5.5,11.3,0
5,18.4,3.3,11.4,0
5,16.8,4.5,11.3,0
5,20.5,5.6,10.8,0
5,22.9,8.1,11,0
5,16.9,12.4,2.6,0
5,10.3,5.4,5,0
5,12.3,5.5,6.2,0
5,15.1,3.3,10.1,0
5,16,2.3,10.4,7.4
5,17.4,4.9,10.4,0
5,18.9,5,10.3,0
5,19.3,5.8,10.2,0
6,18.6,7.2,10.2,0
6,14.8,7.7,8,0
6,15.9,3.7,10,0
6,14.4,0.7,10.5,0
6,17.2,2.8,7.7,2.6
6,16.4,2,10.3,0
6,15.9,0.3,10.2,0
6,13.1,-0.9,10.2,0
6,14.4,0.5,10.1,0
6,15.6,0.2,10.1,0
6,17.1,3.2,10,0
6,17.8,6.8,9.5,0
6,18.7,6.1,9.9,0
6,18.5,7,6.8,0
6,18.8,9.8,7.8,0
6,13.3,8,3.4,0
6,15.3,4.6,8.4,0
6,14.8,5.4,7.6,1.4
6,14.2,6,8.9,0
6,15.7,1.4,8.4,0.2
6,17.1,6.6,6.6,0
6,10.4,7.5,4.4,1.4
6,11.9,0.7,8.8,0
6,14.7,3.5,6.2,0
6,14.6,7,5.5,0
6,13.9,3.8,6.5,0.4
6,16.6,4.7,9.5,0
6,16.6,5.6,8.1,0
6,18.1,8.1,7.8,0
6,12.8,4,8.9,1.4
7,11.2,3.2,7.6,0
7,11.8,4.7,8.7,0
7,12.8,2.3,7.7,0
7,12.6,-0.4,9.9,0
7,13.7,-0.5,10.1,0
7,14.6,2.6,10.2,0
7,15.8,1,10.2,0
7,16.7,2.6,10.1,0
7,15.4,6.3,6.8,0
7,12.4,10.6,2.2,16.4
7,16,6.2,10.3,8.6
7,16.8,8.5,7.2,2.6
7,16.1,11.7,3.7,2.2
7,14.3,7.8,8.1,0
7,12.3,4.1,9.2,0
7,15.2,5.8,6.9,0.4
7,15.9,7.8,8.3,0
7,15.8,5.7,9.8,0
7,13.2,1.1,11.2,0
7,15.1,3,9.2,0.5
7,14.6,2.5,10.6,0
7,15.3,4,11.2,0
7,16.3,4.8,11.6,0.2
7,16.3,4.4,9.4,0
7,16.8,6.6,6.4,0
7,15.4,7.6,11.6,1.6
7,11.1,6.3,4.8,0.4
7,13.8,4.9,10.5,0
7,13.5,4.2,11.5,0
7,13.6,2.1,12.4,2.6
7,13.4,-0.3,12.8,0
8,14,0.8,12.4,0
8,14.9,1.7,9.2,0
8,17.4,4.8,12.7,0
8,18,4.4,10.8,0
8,18.8,7.1,9.9,0
8,13.4,3.8,12.4,0
8,15.6,2.9,12.7,0
8,19.8,5.5,11.6,0
8,13.2,7,11,3.2
8,15.7,4.5,11.2,0
8,15.9,2.6,14.2,0
8,16.8,2,14.3,0
8,17.4,4.1,14.3,0
8,18.9,6.5,9.8,0
8,16.4,5.1,10.1,0
8,15.2,5.7,10.1,0
8,11.9,6.1,9.2,3
8,14.4,6.4,10,0
8,14.3,1.2,15.3,0
8,14.2,1.6,13.6,5.4
8,18.4,5,16.1,0
8,23.7,9.5,10.9,0
8,16,10.8,4.8,1
8,11.8,3.8,11,3.8
8,13.1,2.3,11.8,0
8,14.1,4.9,13.9,0
8,15.7,1.7,17,0.4
8,17.2,5,17.3,0
8,22.4,8.4,13.5,0.2
8,14.1,6.3,17.3,0
9,15.4,0.2,16.8,0
9,17.6,2.2,16.9,0
9,21.7,4,17,0
9,23.7,9.2,17.4,0
9,25.8,12.9,8.3,0
9,20.7,7,15.2,0
9,16.9,7.5,14.2,0
9,17.8,7.6,16,0
9,18.2,5.5,17.3,0
9,20.4,3,18.7,0
9,21.6,3.6,19,0
9,25.6,6.7,19.3,0
9,15.4,9.4,16.9,1.4
9,17.8,1.6,16.1,0
9,19,4.8,18.9,0
9,20.1,4.8,13.5,0
9,19.9,7.3,16.7,0
9,19,8.4,13.2,1.4
9,19.9,5.7,17.6,1.8
9,27.4,8.9,18.5,0.3
9,20.8,12.3,16,0
9,23.2,5.9,21.8,0
9,21.8,10.4,21.9,0
9,17.1,4.6,22.2,0
9,19.8,3.5,22.4,0
9,25.6,7.2,21.7,0
9,29.8,14.4,18.3,0
9,25.9,21.1,3.9,0
9,16.4,8.4,22,0
9,17.2,2.5,21.2,1.3
10,21.8,2.9,22.9,0
10,25.3,4.5,23.2,0
10,27.4,8.6,23.4,0
10,31.8,13.8,23.6,0
10,30,14.2,23.5,0
10,21.7,12.8,6.8,0
10,18.1,2.5,24.5,0
10,18.5,2.8,24.4,3
10,20.6,4.4,23.8,0
10,,4.5,21.9,0
10,13.3,6.8,13,3.4
10,19.5,6.1,25.3,0.6
10,20.4,4.6,22.4,0
10,24.6,6.9,26.3,0
10,30.6,12.7,23.4,0
10,28.1,16.4,8.4,0
10,22.7,6.3,27,0
10,27.2,7.8,22.2,0
10,35,15.8,24.9,0
10,28.6,13.6,26.4,0
10,24.6,13.6,22.4,0
10,21.7,6,26.7,0
10,24.1,8.6,25.1,0
10,27.8,12.2,25.7,0
10,27.2,17.3,26.5,0
10,20.9,7.2,26.3,0
10,22.1,5.8,27.5,0
10,27.4,5.9,27.9,0
10,30.4,14.3,26.9,0
10,33.5,18.3,27.5,0
10,35,17.5,25.6,0
11,24.2,20.8,15.9,0
11,23.8,7.4,28.4,0
11,26.2,10.3,20.7,0
11,32.2,14.2,28.8,0
11,36,19.6,9.7,0
11,32.7,24.4,2.7,0
11,19.8,19,2.6,12.8
11,27.3,15.9,23.4,8.2
11,23.1,11.8,29.8,0.4
11,24.3,7.7,30,0
11,26.7,11.9,30.2,0
11,32.8,16.4,25.3,0
11,26.9,9.8,30.3,0
11,25.7,9.2,24.3,0
11,30.3,12.5,23.1,0
11,23.8,14.3,19.7,0
11,26.3,7.5,27.8,0
11,24.1,9.4,31.1,0
11,27.3,8.9,31.4,0
11,29.4,13.8,29.9,0
11,34.6,18.7,29.1,0
11,28.8,11,31.7,0
11,32.2,12.1,30.9,0
11,34.8,17.2,27,0
11,38.4,20.7,31.8,0
11,36.2,18.4,9.9,0
11,34.2,22.9,11.9,0.2
11,36.4,19.9,31.6,5.4
11,41.6,24.7,28.7,0
11,38.3,26.6,11.1,3.2
12,27.8,24.8,9.6,0
12,27.9,16.4,29.3,0
12,28.9,11.7,30.1,0.6
12,23.3,13.4,30.8,0
12,23.9,11.2,28.6,0
12,27.4,8.5,33.4,0
12,31.5,15.2,28.2,0
12,36.4,18.5,30.7,0
12,29.7,16.6,32.7,0
12,30.6,15.5,33.7,0
12,31.8,14.6,32.2,0
12,34.2,17.5,31.3,0
12,35.9,21.5,29.7,0
12,34.1,24.2,4.1,0
12,25.8,21.6,3.9,0
12,27.4,17.8,22.9,0
12,27.6,12.2,34,24
12,30.7,13.3,34.2,0
12,37.6,18.5,32.3,0
12,28.2,14.8,32.5,2.6
12,32.6,14.6,34,0
12,36.3,18.2,34.2,0
12,39.6,23,27.9,0
12,38.2,21.7,23.9,0
12,30.6,12.9,31.8,0
12,30.3,15.6,33.4,0
12,32.7,16.1,33.5,0
12,29,15,34.2,0
12,32.3,12.5,34.2,0
12,32.4,12.8,34.2,0
12,34.7,14,34.2,0
1,37.1,15.1,32.7,0
1,33,16.1,33.3,0
1,36.6,17.3,33.4,0
1,40.6,23.1,33.3,0
1,44.8,29.1,33.2,0
1,44.3,29.8,33.2,0
1,42.1,24.2,33.2,0
1,41.3,29,26.8,0
1,26,13.5,32.7,0
1,32.4,11.4,33,0
1,39.5,17.8,32.8,0
1,33.8,23.5,20.9,0
1,28.8,20.7,14.8,0
1,29.4,10.7,32.5,1
1,32.5,15.4,32.7,0
1,37.3,20.1,32.3,0
1,41.2,20.8,28.5,0
1,43.3,28.8,27,0
1,30.3,16.9,25.5,0
1,35.3,18.3,32.1,0
1,37.8,23.6,28.9,0
1,37.8,19.8,31.9,0
1,34.1,15.6,31.8,0
1,37.4,19.6,31.6,0
1,37.6,24.8,23.4,0
1,35.8,18.4,31.3,0
1,31.6,14,31.1,0
1,34.9,16.4,30.9,0
1,30.2,17.2,30.8,0
1,29.5,10.8,30.7,0
1,34.3,16.1,30.5,0
2,25.8,12.7,21.2,0
2,26.7,12.2,30.8,0
2,30.6,14.1,30.7,0
2,32.8,14.9,30.4,0
2,33.6,18.1,29.3,0
2,36.3,21.2,28,0
2,39.6,23.9,24.1,0
2,40.1,23.1,29.6,0.3
2,38.6,24.9,13.9,0
2,35.4,20.5,25.2,0
2,34.3,15.8,29.7,0
2,35.3,19,28.8,0
2,33.6,19.3,18.7,0
2,34.3,20.6,25.5,0
2,34.4,21.8,27,0
2,33.5,19.5,28.2,0
2,33.6,19.7,27.9,0
2,33,21,26.9,0
2,36,21.3,22.1,0
2,37.2,20.9,27.4,0
2,34.5,21.7,23,0
2,32.8,19.4,26,4.8
2,31.2,18.7,22.1,0
2,33.5,22.2,23.6,0
2,37.9,21.8,25.2,0
2,29.7,26.4,4.1,0
2,24.6,22,8.4,6.8
2,20.5,16.5,10.6,3.2
3,27.6,14.3,26.2,0.3
3,26.1,12.9,27.5,0
3,29.6,14.9,24,0
3,30.8,17.3,26.5,0
3,31.2,17,25.5,0
3,31.7,19.1,23.9,0
3,33.3,20.9,24.1,0
3,33.8,21.1,24.6,0
3,33.9,21.1,23.3,0
3,34.6,22.9,20.3,0
3,35,22,23.6,0
3,33.1,22.5,23.1,0
3,34.7,21.2,18.4,0
3,28.4,15.9,23.9,0
3,31,12.3,23.6,0
3,29.2,13.3,17.6,0
3,23.1,11.5,23.6,0
3,24.5,9.6,23.1,0
3,27.5,12.8,22.4,0
3,28.9,15.8,17.3,0
3,21.3,19.6,4.4,3.4
3,24.3,13.1,20.1,18.6
3,26,11.8,21.7,0
3,29.8,13.4,21.5,0
3,29.5,12.4,19.7,0
3,33.1,17.6,20.3,0
3,36.7,21.7,19.1,0
3,22,21.7,3.5,7.4
3,20.3,8.3,20.7,12.7
3,20.7,9.4,14.2,0
3,22.8,13.1,12.2,0
4,23.4,10.2,16.4,0
4,24.9,9.5,19.2,0
4,23.2,11,20.2,0
4,26.3,13.1,18.6,0
4,27,13.8,18.1,0
4,27.1,14.7,15.7,0
4,27.9,13.2,18.4,0
4,28.4,14.2,14.5,0
4,28,14.8,14.5,0
4,28.6,14.4,17.1,0
4,29.4,15.3,17.4,0
4,28.9,15.8,17.5,0
4,29.7,15.3,13.5,0
4,31.4,17.6,11.8,0
4,25.4,16.9,15.7,1.3
4,22.3,8,16.2,0
4,23,10,13.1,0
4,22.7,7,16.3,0
4,19.5,5.8,16.7,0
4,21.8,6.4,16,0
4,22.6,10.7,12.9,0
4,18.6,11.4,9.7,3.4
4,21.4,9.9,12.2,0
4,19.1,6.4,9.5,0
4,22.9,7.9,13.3,0
4,23.5,8.6,13.3,0
4,25.2,9.9,14.2,0
4,28.9,13.1,13.7,0
4,23.5,14.4,6.1,0
4,21.3,12.9,10.7,3.2
5,21.4,9,12.3,0
5,19.5,5,15.1,0
5,22.5,8,14.1,0
5,20.7,11.6,14.4,0
5,19.2,2.9,14.4,0
5,21,6.1,13.7,0
5,21.7,10,6.4,0
5,22.6,12.7,13,1.8
5,24,8.9,13.1,0
5,25.6,9.6,13.1,0
5,25.5,11.1,13,0
5,25.4,12,10.8,0
5,15.9,13.2,7.4,9.2
5,12.9,4.5,5.9,0
5,15,8.2,7,2.4
5,16.8,8.5,10.3,0.4
5,16.6,5,11,0
5,14.6,7.5,5.6,0
5,16.6,7,10.2,0
5,20.8,7.3,10.1,0
5,18.3,9.8,9.3,0
5,11.5,9.9,2.8,0.3
5,17.8,7.5,10.9,8
5,16.9,4.9,11.3,0
5,16.8,2.1,11,0
5,17.5,3.8,10.8,0
5,16.7,3.7,10.4,0.2
5,19.9,7.4,10.5,0
5,21.6,10.7,9.8,0
5,20.9,13.6,3.5,0
5,21.5,13.6,9.2,11.8
6,15.5,14.2,2.6,0
6,15.3,10.6,10.7,0
6,14.5,4.9,10.6,33.2
6,16,4.8,10.2,0
6,14.8,7.4,7.7,0
6,16.8,9.1,4,0
6,16.3,11.3,7.3,0
6,14.5,2.9,10.3,0
6,16.8,4.4,10.2,0
6,17.6,8.5,9.8,0
6,17.4,6.5,7.9,0
6,16.3,10.5,4.7,7.2
6,14,10.3,4.3,4.6
6,15.9,9.1,8.7,1
6,14.2,4,9.9,0
6,13.7,2.3,9.8,0
6,12,0,9,0
6,8.8,1.5,7.6,0
6,14.3,2.6,8.1,0
6,14.6,2.4,9.2,0
6,15.3,4.1,9.6,0
6,15.2,3.7,9.7,0
6,14.6,5.4,9.5,0
6,13.5,5.4,7.1,0
6,16.7,7.7,9.3,0
6,17.3,3.9,9.6,0
6,16.4,6.2,6.8,0
6,15.8,8.9,6.5,0
6,16,9.6,8.2,0
6,14.9,2.1,9.8,0.4
7,15.1,4,7,0
7,16.9,6.4,9.3,0
7,16.1,2.7,10.3,0
7,16.3,6.3,9.5,0
7,13.3,8.9,10.2,0
7,14.6,3.4,8.7,0
7,14.9,5,8.4,0
7,14.8,4.2,9.6,0.4
7,14.2,-0.3,9,0
7,16.4,1.4,10.4,0
7,16.3,5,8.9,0
7,17.7,7.5,9,0
7,19,8.6,5.1,0
7,15.4,10.4,3.6,0
7,14.9,12,6.7,3.6
7,17.6,11.5,4.4,0.8
7,18.1,10.8,7,0.8
7,18.9,13.3,9,0
7,16.9,13.5,8.2,18.4
7,10.5,8.1,6.9,0
7,11,1.6,11.5,0
7,12.2,3.1,9.5,2.6
7,12.3,5.3,9.2,0.4
7,13.9,2.2,11.9,0
7,13,0.6,10.3,0
7,13.4,2.3,11,0
7,15.5,3,12.1,0
7,17.7,7.3,8.7,0
7,19.2,11.1,11.6,0.6
7,16.2,8,10.9,0
7,16,1.2,12.5,0
8,16.3,2.2,11.3,0
8,16.1,6.3,10.9,0
8,13.7,3.6,10.8,0.4
8,14.8,5.7,11.4,0
8,16.8,4.3,9,0
8,14.1,7.8,4,0.4
8,12.4,5.5,5.3,4
8,14.2,4.6,13.8,5.2
8,13.9,3,6.2,0.4
8,18.2,7.4,13.5,0
8,18.1,3.5,13.6,0
8,15.4,10.3,11.6,6.6
8,16.3,5.8,14.1,0
8,19.7,6,13.1,0
8,15.3,2.9,14.6,2.2
8,17.2,4.4,15.1,0
8,15.7,7,14.2,0
8,18.9,5.3,15,0
8,12.1,7,13.8,1.2
8,12.3,0.1,13.4,0.4
8,13.1,3.3,11.5,0
8,14.2,6.7,11,1.2
8,13.8,7.6,6.4,0.6
8,15.1,8.5,12.2,0
8,17.1,9.3,11.4,0
8,19,6.5,13,0
8,21.7,8.1,14.2,0
8,23.6,10.4,16.1,0
8,23.2,13.3,10.9,0
8,21.2,9.4,15.2,0
8,23.6,7.8,17,1.2
9,24.6,9.9,16.8,0
9,26.2,11,17,0
9,26.1,11.8,17.2,0
9,26.2,10.7,17.4,0
9,27.1,15.4,13.6,0
9,25.4,11,13.4,0
9,22.8,10.3,16.2,0
9,21.3,6.2,18.1,0
9,29.3,9.8,15.2,0
9,19.7,11.1,13.2,0
9,19.4,5.2,16.3,0
9,20,5.4,18.5,0
9,18.7,5.1,8,0
9,20.7,8.9,16.4,0
9,21.8,9.2,16.9,0
9,14.7,11.9,2.8,7.8
9,19.3,10.4,10.5,9.3
9,22.3,10.4,17.1,0.3
9,,5.7,20.5,0
9,,,14.4,0.6
9,,,20.8,0
9,,,19.2,0
9,,,16.7,1.2
9,25.1,14.8,20.4,0
9,28.6,13.6,20.5,0
9,18.9,14.3,20.8,0
9,21.8,4.9,22.7,0
9,20.9,7.8,20.9,0
9,23.9,6.5,22.3,0
9,31.6,10.7,20.7,0
10,18.6,15.7,14.2,3.5
10,22.2,5.8,20.7,0
10,17.6,7.2,22.6,2.7
10,,3.8,23.6,0
10,,,22.1,0
10,,,14.7,0
10,,,24.3,0
10,,,24.1,0
10,30.9,9.4,24.8,0
10,35.6,17.7,17.7,0
10,22.2,6.9,25,0
10,27.9,8.4,25.6,0
10,27.8,11.3,18.1,0
10,17.6,5.2,19.5,0.2
10,23,3.4,25.9,0
10,28.5,8.7,25.3,0
10,21.3,14.6,20.4,0
10,23.1,4.1,26.8,0
10,28.7,9.1,26.5,0
10,33.9,14.1,25,0
10,36.3,22.2,18.2,0
10,33.1,20.4,8.7,0
10,21.4,13.8,8.3,0.8
10,18.6,8.6,25.2,0
10,20.7,4.3,25.1,0
10,23.1,6.2,25.7,0
10,25.3,6.1,18.9,0
10,29.9,11.8,20.1,0.6
10,24.3,11.4,24.2,0
10,26.3,6.6,25.7,0
10,27.3,7.5,26.3,0
11,30.1,8.9,25.5,0
11,34.1,14.1,20.5,0
11,23.7,16.3,23.9,0
11,22.5,7.1,26.4,0
11,27.3,10.5,26.6,0
11,31.3,12,26.8,0
11,37.3,18.8,22.6,0
11,33.7,22.9,11,0
11,23.2,9.3,26,0
11,24.7,6.2,22.4,0
11,20.8,10.3,14.8,5.2
11,23,11.3,18.1,11.2
11,22.7,8.9,22.4,0
11,24.6,8.7,26.6,0
11,25.4,8.6,27.2,0
11,27.1,10.2,19.2,0
11,26.9,11.1,26,0
11,28.6,13.8,28.8,0.2
11,32.1,14.9,27,0
11,34.9,17.5,19.7,0
11,28.8,16.9,17.4,0.2
11,27.1,14.7,25.9,0
11,24.9,10.2,20.1,0
11,25.9,10.4,24.8,0
11,29.4,10,28.1,0
11,30.1,13.6,28.5,0
11,34,15.7,28.2,0
11,39.3,20,13.6,0
11,26.9,13,26,0
11,29,9.2,30.2,0
12,31.2,15.4,28.9,0
12,35.6,20.6,31.1,0
12,36.8,20.9,19.8,0
12,30.4,22.3,2.6,0
12,18.1,11.2,15.9,22.2
12,20.8,6.1,32.3,2.2
12,26.9,8.8,30.9,0
12,33.8,15.4,29.2,0
12,34.8,24.4,4.5,0
12,24.2,12.4,28.9,0
12,25.7,11.4,28.8,0
12,29.6,12,31.8,0
12,31.2,14.4,31.6,0
12,29.7,14.9,31.8,0
12,32.5,10.8,29.3,0
12,34.6,17.6,30.3,0
12,36.2,20.2,31.2,0
12,38.9,21.7,31.5,0
12,40.6,25.7,28.2,0
12,41.9,25.3,29.3,0
12,42.6,23.2,31.1,0
12,39.7,23.9,24.4,0
12,22.5,18,11.6,10.4
12,28.3,12.4,30.4,0
12,28.6,15.3,17,0
12,32.9,15.2,28.7,0
12,34.1,16.6,33.2,0
12,38.6,18.1,30.6,0
12,31.4,12.6,35.2,0
12,31.6,10.4,34.9,0
12,32.8,12.9,34.6,0
1,32.4,15.8,13.5,0
1,27.3,23.8,8.2,0
1,33.9,19.6,25.9,0
1,26.4,14.1,33.9,0
1,30.9,13.5,33.4,0
1,24.6,12.9,34.1,0.2
1,28.7,10.2,33.9,0
1,32.3,15.3,31.7,0
1,26.8,18.2,23.6,0
1,31.6,16.5,30.8,0
1,36.2,20.4,29.7,0
1,38,18.4,32.5,0
1,40.1,22.3,31.9,0
1,41.4,26,31.6,0
1,42,26.3,32.1,0
1,44.1,25.9,31.4,0
1,43,29.3,31.2,0
1,42.7,28.2,29.7,0
1,37.6,21.3,30.8,0
1,34.7,15.3,32,0
1,32,16.6,30.9,0
1,35.4,15.4,32,0
1,35.8,18.1,31.4,0
1,23.3,19.4,7.4,18.6
1,26.6,14.4,31.6,22
1,30.8,14.9,31.4,0
1,34.2,18.8,31,0
1,36.9,21.5,30.7,0
1,40.3,23.4,30.5,0
1,41.2,23.1,29.9,0
1,41.2,26.2,30.2,0
2,42.9,27,29.2,0
2,43.8,24.2,29.6,0
2,42.5,28.4,25.1,0
2,37.6,20.8,27.7,0
2,33.3,17.8,28.9,0
2,34.4,17.1,28.7,0
2,37.8,20.8,28,0
2,40.7,24.6,28.5,0
2,40.9,25.4,28.7,0
2,38.8,17.3,28.1,0
2,38.8,19.1,28.8,0
2,39,19,28.2,0
2,32.7,23.1,9.7,0
2,28,23.5,4.6,0
2,25.2,20.2,7.9,0
2,28.5,20.3,28.1,24.6
2,31.2,15.7,27.7,0
2,34.1,20.4,26.3,0
2,30.9,20.5,25.1,0
2,23.2,11.4,27.2,0
2,25.9,9.6,27.8,0
2,29.7,9.4,27.4,0
2,32.1,13.5,25.7,0
2,33.4,18.7,25.8,0
2,35.6,19.9,23.2,0
2,30.3,20,16.2,4.4
2,28.8,13.2,26.3,0
2,24.6,15.7,8.2,0
3,25.4,16.3,16,2
3,30.9,17.3,22.7,0
3,32.2,17.1,24.8,0
3,32.7,20.1,20.6,0
3,31.6,20.2,15.4,1.6
3,32.5,16.5,23.7,0.4
3,29.8,12.7,24.1,0
3,33,13.1,23.8,0
3,33.8,17.8,23.4,0
3,34.8,20.4,23,0
3,34.4,21.7,18.9,0
3,29.9,19.5,20.6,4
3,29,12.1,22.9,0
3,30.8,14.6,22,0
3,28.5,18.3,7,0
3,20.9,13.7,11.1,0
3,27.6,11.1,16.6,0.8
3,30.4,15.9,20.4,0
3,30.3,15.8,20.7,0
3,33,16.2,21,0
3,32.6,20.8,16,0
3,25.9,12.9,21.8,0
3,23.5,10,17.3,0
3,22.1,11.2,15,0.8
3,27.4,13.1,16.6,22.8
3,23.9,17,6.4,0
3,25.8,18.1,14.4,17.2
3,25.6,18.2,11.9,0.4
3,25.2,15.5,12.1,0
3,29.1,15.4,19.1,0
3,30.4,16.3,18.9,0
4,30.9,18.6,16.9,0
4,31.4,17.4,18.2,0
4,20.1,19.2,3.9,7.8
4,20.7,16,5.8,8.4
4,22.8,16.1,14.9,0
4,25,14.3,16.5,0
4,24.6,15.4,14.5,1
4,25.9,14.8,16,0
4,21,17.1,4.7,2
4,19.6,16.1,3.1,6.6
4,23.1,17.3,7.9,6.2
4,24.3,12.1,16.8,0
4,23.2,13.1,16,0
4,21.8,11.6,16.1,0
4,22.4,11.6,16.5,0
4,23.4,11.1,16.3,0
4,21.8,9.4,16,0
4,23,11.6,12.3,0
4,18,5.8,16.1,0
4,17.7,4.6,12,0
4,20,6.3,14.4,0
4,25.4,11.1,14.4,0
4,25.4,13.5,12.8,0.8
4,22.4,10.7,14.9,0
4,25.4,8.5,14.7,0
4,24.3,14.1,8.7,0
4,21.9,6.5,14.6,0
4,25.3,10.5,12.6,0
4,25.8,15.4,7,0
4,17.5,9.6,13.6,3.8
5,17.2,3.6,14.3,0
5,16.3,8.4,7.1,0
5,11.1,6.8,5.9,0
5,14,7.2,10.9,0
5,16.3,8.4,10.6,11.6
5,16.9,10.8,9.8,0.4
5,17.3,3.2,13.4,0
5,19.6,5.7,13,0
5,19.4,7.3,8,0
5,15.1,13,3.7,0
5,17.9,10.6,11.1,0
5,19.2,6,9.6,4.6
5,21.8,8.4,11.1,0.2
5,23.1,10.3,10.9,0
5,23.7,10.4,9,0
5,23.8,11.4,12,0
5,24.5,11.8,8.3,0
5,22.8,14.2,7.4,0
5,25.4,12.1,11.2,0
5,24.4,12.2,10.2,0.2
5,24.2,10.9,10.4,0
5,25.5,12.3,10.5,0
5,25.9,12.1,10.5,0
5,21.6,13.2,7.9,0
5,24.5,13.1,10.1,0
5,25.7,13.4,9.8,0.8
5,19.5,16.5,2.7,0
5,16.8,8.8,7,23.4
5,18.2,9.8,8.4,0
5,19,6.4,10.6,0
5,18.4,8.9,5.7,0.2
6,15,11.3,4.8,0
6,12.6,8.6,5.5,28
6,14.5,7.7,7.9,0
6,14.7,8.5,5.2,0.4
6,17.3,5.2,10.1,0
6,15,7.4,10.2,0.2
6,15.5,3.3,9.9,0
6,14.5,4.3,10.6,0
6,16.5,1.6,10,0
6,17.9,5,8.9,0
6,17.5,6.4,10,0
6,18.3,7.9,8.9,0
6,15.3,10.9,5.9,1.6
6,14.7,9,5.5,0
6,15.8,7.9,9.8,0
6,13.5,3.9,6.3,7.8
6,15.1,7.6,9.8,5
6,9.7,2.8,9.4,0
6,16.2,4.3,7.5,0
6,17.2,5.4,9.9,0.4
6,17,8.8,8,0
6,16.3,4.5,9.6,0
6,14.6,6.1,5.7,0.2
6,11.7,5,5.6,0.8
6,14.1,6.2,8.2,2
6,15.2,8,7.6,0
6,14.2,7.4,7.7,0
6,13.4,8.1,8.6,0
6,11.3,5.6,6.2,0
6,12,2.4,9.4,1.1
7,12.3,5,8.4,1.5
7,14.6,2.1,10.1,0
7,10.1,0.4,9.2,0
7,15.6,3.3,9.1,0.3
7,11.7,3.9,6.6,0
7,12.5,3.7,8.2,0
7,13.5,3.3,10.3,0.4
7,15.3,3.3,7.4,0
7,14.9,6.9,8.8,1.5
7,12.3,5,9.4,1
7,11.7,5.3,7.2,0
7,12.1,6.4,7.6,0
7,11.9,-1.8,10.9,0
7,13.7,-0.5,9.1,2.4
7,11.9,3.5,3.3,0
7,14.5,7.6,10,3.4
7,13.5,7,9.8,0
7,11.8,1.8,11.1,1.5
7,13.1,0.9,11.3,0
7,14.6,-0.9,10.2,0
7,14.1,1.8,10,0.2
7,15.2,0.2,11.5,0
7,13.8,0.7,9.3,0
7,17.4,5.3,9.3,0
7,18.7,7,11.1,0
7,17,3.7,8.8,0
7,16,2.7,11,0
7,18.9,4.9,10.3,0
7,19.6,7.2,11.9,0
7,19.5,9.8,10,0
7,21.5,8.4,12.2,0
8,11.4,2.9,10.2,0
8,11.4,-0.3,12.7,0
8,14,0,12.9,0
8,16.5,1.3,12.8,0.7
8,15,-0.3,13,0
8,15.9,1.1,12.9,0
8,15.1,2.2,7.9,0
8,16.5,3,12.7,0
8,17.1,3.6,12,0
8,16.3,7.3,11.8,0
8,12.3,-1,11,0
8,14,0.7,13.8,0
8,16,1.3,13.9,0
8,18.3,1.8,14.1,0
8,18.7,2.1,14.2,0
8,16.6,6.2,5.7,0
8,12.5,8.7,4.9,0
8,18.2,8.2,10.9,5
8,19.4,4,13.7,0
8,18.7,4.5,14.2,0
8,18.1,4.3,14.8,0
8,19.5,6.8,13.3,0
8,21,6.7,15,0
8,21.2,7,13.9,0
8,17.7,3.5,11.3,0
8,19.3,4.7,12.8,0
8,19.6,6.4,15.4,0
8,19.6,6.7,16.1,0
8,20.4,4.7,16.2,0
8,21.1,6.5,16.5,0
8,22,5.3,16.7,0
9,,10.7,7.9,0
9,,,16.7,4.8
9,,,18,0
9,17.7,1.7,15.5,0
9,19.2,2.5,17.2,0
9,20.3,6.4,17.5,0
9,21.8,6.2,18.1,0
9,23.8,7.7,17.7,0
9,24.1,14.3,5.5,0
9,19,9.8,16.4,2.5
9,21.6,5.9,16.4,0
9,18.7,4,19.2,0
9,20.4,2.4,19.4,0
9,22.9,5.1,18.8,0
9,24.9,9.3,11.9,0
9,17.6,9.7,5.9,0
9,19.5,8.3,17.3,0
9,17.3,2.9,18.8,0
9,19.2,2.4,20.9,0
9,21.5,3.5,20.9,0
9,22.9,4.3,21.2,0
9,24.7,4.6,21.1,0
9,26.7,7.3,19.7,0
9,26.5,14.7,11.3,1.4
9,22.3,13.6,17.9,15.6
9,19.7,6.2,18.1,0
9,23.2,6.5,20.1,0
9,28.3,11,21,0
9,26.6,13.4,21.1,0
9,29.2,9.9,21.4,0
10,,6.4,21.6,0
10,21.4,,21.8,0
10,24.3,5.1,22,0
10,27.9,8.2,22.2,0
10,34,15.1,21.8,0
10,34,17.7,14.4,0
10,21.8,12,19.3,2.7
10,22.2,6.2,23,0
10,25.6,7.5,23.2,0
10,29.5,10.2,21.3,0
10,32.9,12.9,23.5,0
10,35.2,19.7,15.8,0
10,19.7,14.6,22,11.2
10,14.6,6.4,7.2,4
10,20.2,3.7,24.4,0.8
10,21.1,4.9,22.5,0
10,23.2,5.5,26.9,0
10,26.7,8.3,25.9,0
10,31.9,13.2,25.6,0
10,33.5,12,23,0
10,30.5,13,26.1,0
10,33,13.3,25.2,0
10,36.6,18.6,25.3,0
10,35.5,21.9,21.5,0
10,38.6,17,22,0
10,32.9,14.9,22.3,0
10,27.4,20.2,23.7,0
10,25,9,26.2,0
10,27.4,9.7,26.6,0
10,32.8,12.1,26.7,0
10,36.7,14.4,20.2,0
11,22.5,22.5,15.5,0
11,21.4,5,27.2,4.2
11,27,7.2,27,0
11,31.6,12.7,25.4,0
11,27.6,13.2,26,0
11,28.4,7.8,28.5,0
11,32.8,10.4,29.1,0
11,36.4,17.4,30.1,0
11,32.2,14.3,29.5,0
11,30.7,8.9,29.6,0
11,31.2,8.7,26.4,0
11,33.4,12.7,28.2,0
11,35.8,16,26.5,0
11,41.2,21.9,19.5,0
11,22.5,17.1,2.3,0
11,20.4,15.8,10.1,0
11,24.9,10.5,28.1,4.1
11,27.9,12.2,28.7,0
11,31.3,14,28.5,0
11,37.3,17.5,21.5,0
11,32.1,18.8,27.5,0
11,35.9,17.2,21.1,0
11,40.8,20.9,25.8,0
11,28.5,19.8,4.4,0.8
11,24.7,11.1,29.7,7.4
11,28.1,11.2,29.3,0
11,30.5,12.4,30.1,0
11,33.1,15.6,30,0
11,36,19.4,24.4,0
11,35.7,22.9,21.6,0
12,35.1,20.8,25.7,2.6
12,36.2,18.6,29.6,0
12,30.1,21.2,13.3,0.3
12,34.1,18.8,27.6,1.8
12,34.3,18.9,26.8,0
12,29.7,15.3,19.2,0
12,28.6,15.1,23,0
12,30.9,15.9,26.1,9.3
12,33.6,15.1,32.4,0
12,37.6,18.9,18,0
12,31.6,17.5,29.6,0.4
12,29.6,14.3,33.3,0
12,30.4,15.4,33.2,0
12,32.9,18,22,0
12,38.4,21.3,24.1,0
12,38,24.4,33.2,0.4
12,28,12.8,31.6,0
12,32.2,14.4,32,0
12,26.4,11.5,33.7,0
12,31.3,12.2,32.9,0
12,35.7,17.8,32.7,0
12,38.2,22.8,13,0
12,34.2,22.9,20.2,1.2
12,34.1,16.6,32.4,0
12,30.6,19.1,25.3,0
12,25.4,14.3,34.7,0
12,29.5,12.8,30.7,0
12,33.2,17.6,33.6,0
12,35.4,20.9,31,0
12,28.5,13.3,32.7,0
12,31.5,13.6,33.5,0
1,36.2,16.6,32,0
1,40.8,19.5,32.9,0
1,39.1,22.7,32.4,0
1,36.6,25.6,14.5,0
1,35.2,21.8,27.1,0
1,36.5,21.5,31.1,9.2
1,37.5,23.2,30.3,0
1,38.8,23.6,17.3,0
1,34.9,21,13.8,2.8
1,24.5,20.2,3.9,0
1,24.7,19.9,10.1,0
1,31.7,19.7,26.9,23.2
1,26.5,19.6,5.2,1.1
1,25.9,18.4,11.1,9.2
1,24.6,13.7,22.6,0
1,30.4,12.5,32.5,0
1,29.2,16,32.4,0
1,28.7,13.9,32.1,0
1,31.2,11.3,30.1,0
1,33.2,17.4,22,0
1,32.3,19.1,24.6,0
1,34.1,20.9,28.6,0
1,38.1,24.3,26.3,0
1,29.2,24.1,9.7,0
1,28.2,17.3,31.9,0
1,27.1,12.3,31.7,0
1,30.8,14.6,28.6,0
1,28.9,18.4,27.9,0
1,27.7,15.3,29.7,0
1,27,12.2,31.1,0
1,28.8,11.8,30.9,0
2,29.6,13.1,27.9,0
2,31.2,15,28.4,0
2,31.3,16.6,29.8,0
2,31.5,13.6,27.3,0
2,33.7,16.8,29,0
2,34.1,20.7,28.6,0
2,35.5,20.8,27.7,0
2,41,22.7,26.9,0
2,37.4,15.6,29.1,0
2,37.1,20.4,27.8,0
2,36.4,24.8,20.3,0
2,31.9,19.1,23.3,13.8
2,33.4,19.6,26.3,10.4
2,29.7,18.9,15.4,0.9
2,34.2,17.4,27.3,18.8
2,36.7,21.7,23.3,0
2,33.3,19.5,19.6,0
2,32.1,20.6,21,0
2,33.2,18.9,16.8,0
2,34.3,20.1,23.4,0.7
2,34.9,23,24.4,0
2,35.8,20.9,25.9,0
2,36.9,22.5,18.4,0
2,33.5,19,25.3,7.6
2,33.3,19.2,24.7,0
2,32.5,18.7,18,0
2,34,17.1,25.6,0
2,36.7,21.8,24.3,0
3,29.6,22.4,24.1,0
3,32.6,16,25.2,0
3,34,18.8,20.4,0
3,31.9,16.2,23.7,0
3,24.1,15.7,24.9,0
3,25.6,10.2,21.8,0
3,26.3,14.1,14.1,0
3,31.1,13.3,23.2,0
3,30.9,15.3,23.2,0
3,31.6,14.7,23.1,0
3,33.7,17,22.9,0
3,30,14.6,23,0
3,30,9.6,22.6,0
3,30.4,14.3,21.8,0
3,30.4,15.1,22.5,0
3,30,16.3,21.1,0
3,31,18.5,6.8,0
3,29.7,19.7,20.8,0
3,35.4,16,20.7,0
3,25.4,17.8,21.3,0
3,29.4,10.8,21,0
3,32,13.7,19.9,0
3,34.8,18.2,12.5,0
3,23.6,15.4,18.4,0
3,22.5,7,18.6,0
3,20.7,9.3,17,0
3,22.4,7.7,19.3,0
3,23.8,7.8,19.4,0
3,24,11.4,10.4,0
3,28.2,14.9,18.5,0
3,29.9,13.8,18.7,0
4,30,16.4,15.6,0
4,23.9,19.9,10.3,0
4,26.4,7.4,18.1,0
4,22.1,10,9.8,0
4,26.5,15.2,13.8,0
4,22.1,13,13.9,0
4,14.9,10.8,8.9,2.4
4,20.5,8.5,16.6,0.4
4,21.7,7.2,17.6,0
4,24.1,11,17,0
4,25.4,12.6,16.1,0
4,25.6,13.9,13.2,0
4,26.4,11,16,0
4,28.1,16.8,13.3,0
4,31.9,17.5,13.2,0
4,28.3,14.2,14.1,0
4,19.9,14.6,3.4,6.4
4,20.5,15.3,3.2,25.1
4,15.9,10.9,15.7,7.8
4,17.9,5.6,15.9,0
4,19.6,6.2,15.3,0
4,22.9,7.7,14.8,0
4,24.2,10.7,14.1,0
4,21.1,13.6,11.2,0
4,16.5,11.6,8.3,0
4,18.7,9,14,0
4,17.7,5.7,12.3,2.6
4,18.4,6,11.6,0
4,21.5,8.9,13.2,0
4,22.9,11,13.2,0
5,24.3,11.7,13.5,0
5,24.1,12.7,10.9,0
5,23.6,10.1,13.8,0
5,23.2,7,13.6,0
5,22.3,12.1,11.2,0
5,17.4,4.5,12.3,0
5,17.1,8.2,8.9,0
5,16.8,6,9.6,0
5,16.7,9,5.7,0
5,17,10.1,5.2,0
5,17.9,8.2,9.4,5.2
5,16.6,12,7.5,0
5,13.5,5,12.3,0
5,15.7,5,10.4,0
5,17.9,6.3,12.1,0
5,20.7,7.2,12.1,0
5,21.1,7.7,11.5,0
5,22.1,7.9,11.7,0
5,22.8,12.5,6.7,0.6
5,18.6,10.9,10.1,0.4
5,15.2,7.3,5.4,0
5,18.6,7.1,11.4,0
5,18.2,3.9,11.6,0
5,17,3.6,10.6,0
5,18.9,7.7,10,0
5,15.9,6.7,6.8,0
5,16.8,9.1,7.8,0
5,21,10.1,10,0
5,18.2,10.8,10.2,0
5,15.4,5.1,9.6,0
5,17.1,7.5,8.5,0
6,12,3.7,11,0.6
6,11.2,0.1,10.2,0
6,12.6,-0.5,10.2,0
6,13.5,0.6,10,0
6,,3.9,6.9,6.2
6,,,10.4,0
6,,,10.3,0
6,,,10.1,0
6,,,7.5,0
6,,,10.4,0
6,18.3,5.3,10.2,0
6,18.9,5.4,10,0
6,18.4,6.4,9,0
6,20.8,8.8,9.2,0
6,17.1,8,3.7,0
6,15.9,9.7,6.4,25.3
6,12.1,11.7,2.5,37
6,12,9.8,4.1,9.8
6,14.1,8.5,9.8,3.6
6,13,1.2,10.3,0
6,13.9,2.3,10.3,0
6,14.2,4,7.9,0.2
6,18.1,6.9,8.5,0
6,14.9,10.5,4.3,14.8
6,13.2,7.6,10,3.2
6,13.9,2,10.1,0
6,11.3,2.2,8.7,0
6,11.3,4.4,8.9,0
6,12.7,0.7,10.1,0
6,11.7,2.7,8.5,0
7,11.7,1.5,9.6,0
7,12.9,2.3,7.4,0
7,12,-0.1,10.1,0
7,11.8,2,9.8,0
7,13,1.6,10,0
7,13.4,1.8,7.8,0
7,14.6,4.7,10.2,2.4
7,15.2,4.4,10,0
7,15.5,4,9.6,0
7,16.2,7,10.3,3
7,15.3,10,8.2,0.5
7,9.7,5.3,8.5,3
7,10.3,6.2,7.4,3
7,8.3,4.4,6.7,0.5
7,8.1,6,9.4,4.4
7,11.8,5.2,7.2,5.2
7,11.9,2.5,8.7,0.4
7,12.7,0.8,11.2,0
7,14.9,2.5,11.3,0
7,15.5,3.8,10.9,0.2
7,17.1,4.6,9.6,0
7,11.9,9.8,4.3,3
7,17,7.4,11.3,0
7,14.6,7.6,5.3,2
7,13.9,6.3,11.2,0
7,12.3,7.9,9.4,0
7,11.6,1.6,11.5,2
7,13,2.9,10.6,0
7,13.4,1.7,9.3,0
7,13.4,5.5,8.2,0
7,13.6,4.6,10.5,0
8,15.9,7,3.8,0
8,12.5,8.3,10,0
8,13,6.6,9.2,15.8
8,9,0.3,8.9,0
8,11.5,4,7.2,0.3
8,12.8,2,11.5,1
8,12.9,5.8,7.2,0
8,14.2,4.6,9.5,0
8,12.7,3.4,5.9,0
8,15.9,5.8,10.9,0
8,15.4,6.3,12.2,0.5
8,9.7,6.3,8.3,5.8
8,13.1,4.6,10.9,3
8,13.9,6.4,7.8,0.6
8,15.4,9.4,11.6,0
8,15.9,2.8,11.3,0
8,15.7,4.9,10.7,0
8,12.1,2.2,13.7,0
8,13.1,1.4,14.4,0
8,17.9,4.3,14,0
8,19.3,6.3,6,0
8,21.5,10.1,14.5,0
8,16.2,12.1,8,0
8,15,11.1,4,0.9
8,12.6,9.3,6,9.2
8,15.8,7.9,11.6,6
8,13,9.4,8.2,0.8
8,15.1,7.8,15.6,2.8
8,12.9,2.6,16.5,0
8,14,1.7,13.6,0
8,14.9,2.2,16.7,0
9,16.2,2.1,17,0
9,19.2,6.6,10.3,0
9,15.9,8.6,10.6,15.4
9,15.5,4.3,17.5,0
9,15.9,3,17.4,0
9,16.5,5,14.5,0
9,14.4,7.8,14,0.5
9,14.7,2.5,11.9,0
9,16.4,2.6,16.2,0.5
9,17.3,3.4,16.9,0
9,20.6,5.2,18.8,0
9,22.8,6.5,17.4,0
9,25,8.8,18.6,0
9,25.3,12.1,18.9,0
9,18.4,12.5,15.2,0
9,17.5,3.4,19.2,0
9,17.1,4.4,19.9,0
9,19.6,3.7,19.7,0
9,21.3,7.6,19.1,0
9,22.6,8.5,17.5,0
9,22.3,10,18.1,0
9,15.9,5.8,18.6,0
9,15.9,1.4,21.6,0
9,16.9,1.1,21.3,0
9,18.1,1.8,21.6,0
9,20.4,5.6,21.3,0
9,21.8,6.6,19.7,0
9,24.1,8.3,21.6,0
9,22.6,9.3,21.6,0
9,21,5.6,22.3,0
10,22.1,4.3,22.9,0
10,26.1,7.9,22.9,0
10,30.9,11.7,23.3,0
10,33.8,16.2,20.7,0
10,35.4,15.9,20.7,0
10,35.9,19.8,22.9,0
10,22.9,11.4,20.9,0
10,26.5,12.6,21.4,0
10,31.7,14.8,22,0
10,31.5,16.3,23.1,0
10,29.2,17.1,16.9,0
10,24.3,13.3,24.3,5
10,25.2,6.6,25,0
10,31.1,11.9,24.5,0
10,33.7,18.1,24.9,0
10,34,19.2,16.1,0
10,28,17.8,7.6,0
10,30.2,11.4,25.7,0
10,32.1,13.4,25.2,0
10,34.1,17.6,13.5,0
10,23.1,19.3,11,0
10,26.1,10.7,23.5,2.4
10,26.4,8.3,26.1,0
10,28.7,12.1,26.5,0
10,32,14.5,25.1,0
10,27.3,18.1,25.6,0
10,26.3,9.9,26.1,0
10,26.7,10.5,26,0
10,29.7,12.4,26.7,0
10,31.5,16.6,21.4,0
10,24.2,16.8,16.3,0
11,,16.9,17,13.4
11,,,26.6,20
11,,,23.3,0
11,,,10.7,0
11,27.2,,11.2,7.2
11,25,16.1,18.5,19.8
11,22.8,12.3,29.9,0
11,27.5,9.3,27.8,0
11,31.1,14.2,29.3,0
11,34.3,17.7,27.3,0
11,29.1,18.7,24.6,0
11,29.5,18.2,11.7,3.2
11,29.2,16.7,25.5,0.6
11,26.6,9,31.3,0
11,27.5,13.6,28.2,0
11,27.9,13.2,30.4,0
11,33,15.1,27.2,0
11,36.8,16.4,30.6,0
11,40.6,21,29.4,0
11,40.1,24,31,0
11,26.1,12.9,32.2,0
11,27.6,9.2,32.5,0
11,26.7,12.4,32.1,0
11,30.2,12.4,32.1,0
11,35.8,14.2,31.9,0
11,23,14.9,32,0
11,23.9,8.1,32.9,0
11,27.4,10.2,32.2,0
11,28.8,13.8,26.2,0
11,33.6,13.9,28.8,0
12,29.2,22.9,25.6,0
12,22.7,11.8,33,0
12,29.7,9.8,32.5,0
12,32.3,16.9,32.3,0
12,35.4,18.4,29.7,0
12,38.3,20.1,31.6,0
12,39,21.1,17,0
12,30.2,24.2,8.3,0.6
12,32.1,19.1,32.7,1.6
12,34.1,16.6,30.3,0
12,27,16.4,28.4,0
12,25.3,9.9,33.5,0
12,30.7,13.2,30.6,0
12,36.7,16.2,30.7,0
12,34.5,19.4,12.2,0
12,36.3,17.4,30.9,0
12,35.1,18.9,32.6,0
12,37.5,21.9,31.9,0
12,40.2,24.6,29.7,0
12,42,27.7,22.2,0
12,24.3,17,15.9,11
12,30.6,16.7,31,0
12,31.6,16.3,31,0
12,32.9,17.8,32.7,0
12,33.7,17.6,32.5,0
12,22.6,19.1,20.5,0
12,25.8,10.4,34.6,0
12,28.2,13.6,33.2,6.6
12,32.2,15.3,33.4,0
12,34.7,18.3,31.3,0
12,37,22.1,28,0
1,38.4,24.1,21.6,0
1,34.1,23.1,16.6,0
1,28.8,18.8,16.9,0
1,27.4,16,16.5,0.5
1,24.8,18.7,22.8,0
1,29.8,18.1,25,0
1,30.5,16,32.1,2.2
1,33.5,,31.4,0
1,35.8,18.4,30,0
1,38.6,17.9,32.3,0
1,41.1,21.2,24.5,0
1,41.5,26.6,30.9,0
1,44.6,23.7,25.1,0
1,31.4,26.5,7.8,0.2
1,27.6,,33.2,0
1,29.8,13.5,32.2,0
1,30.8,16.4,29.2,0
1,34.2,18.3,30.7,0
1,39,22,28.3,0
1,38.5,25.5,11.2,0
1,32.8,25.3,8.7,0
1,27.7,23,3.2,2.4
1,31.6,19.8,28.5,0
1,32.9,14.9,30.5,0
1,33.9,15.9,30.8,14.6
1,35.4,20.4,25.8,0
1,25.1,18.7,13.8,9
1,31.8,18.4,21.9,0
1,23.2,16.6,15.9,2.2
1,25.4,13.1,8.5,1.6
1,24,13.6,11.9,7.4
2,24.9,13.8,25.8,7.6
2,29.4,14.4,23.5,0
2,27.3,20.9,14.5,0
2,30.5,15.6,29.1,0
2,30,16.5,29.5,0
2,30.4,16.2,28.8,0
2,32.2,18.1,27.9,0
2,35.6,19.5,28.3,0
2,36.3,19,28.7,0
2,37.7,18.1,29.3,0
2,35.6,17.4,28.7,0
2,36.7,19.3,26.4,0
2,39.3,21.8,28.4,0
2,31.5,22.8,26.5,0
2,31,14.7,28.1,0
2,26.9,15.7,27.6,0
2,26.3,11.9,26.3,0
2,30.9,13.5,27.2,0
2,35.1,16.6,26.1,0
2,32.2,17,27.4,0
2,36.1,15.7,27.2,0
2,36.9,21.1,19,0
2,40.2,25.7,25.4,0
2,41.2,24.8,22.8,0
2,38.1,21.9,22.7,0
2,31.6,17.4,25.7,0
2,34.1,14.4,26.1,0
2,34.4,19,25.3,0
2,35,15.3,23.7,0
3,36.9,20,24,0
3,38.8,21,23.4,0
3,39.3,26,17.5,0
3,38.2,20.3,23.1,0
3,39.6,24.5,22.6,0
3,39.5,23.6,22.8,0
3,39,24.6,22.5,0
3,38.9,23.9,22,0
3,38.4,25.3,20.1,0
3,37.7,24.7,15,0
3,33.1,22.2,17.5,0
3,36.9,21.6,14.9,0
3,35.4,18.9,17.4,0
3,35.4,21.6,21.3,0
3,32.3,20.3,15.2,0
3,31,19.4,19.4,4.2
3,32.3,18.7,18.5,0
3,22,19.6,14,4.8
3,21.7,9.1,18,0
3,24.1,8.3,18,0
3,25.1,12.9,20.8,2.1
3,25.9,14.8,20.9,0
3,28.1,13.5,14.5,0
3,29.1,17.8,11.4,0
3,27.1,19.6,11.9,0.8
3,26.1,11.1,20.3,0
3,25.5,11.8,19,0
3,25.6,10.9,16.9,0
3,24.5,13,16.1,0
3,23.7,10.5,18.6,0.8
3,23.4,8.5,19.4,0
4,26.4,10.3,15.7,0
4,31.4,14.7,18.8,0
4,24.8,8,18.8,0
4,29.4,11.3,18.5,0
4,32.9,13.4,18.3,0
4,31.6,14,16,0
4,22.9,7.7,18.3,0
4,23,12.8,13.2,0
4,24.7,8.8,17.5,0
4,25.5,11.1,17.2,0
4,24.1,9.9,16.1,0
4,24.4,8.5,17.4,0
4,27.2,9.5,17.2,0
4,29.4,15.2,16.2,0
4,30.9,16.5,12.4,0
4,29.6,19.1,10,0
4,27,11.9,14,0
4,26.4,15,15.6,0
4,27.9,13.9,15.8,0
4,28.7,15.1,15.6,0
4,29.3,16.1,7.6,0
4,23.9,14.8,15.3,0.5
4,23.3,7.4,15.7,0
4,24.8,11.2,15.5,0
4,25.6,10.8,15.3,0
4,26.9,8.2,15.1,0
4,27.9,14.8,14.1,0
4,28.8,17,12.2,0
4,25.5,18.4,4,0
4,23.9,16.9,9.4,9.2
5,19.7,16.6,13.5,8.2
5,19.3,7.5,11.8,0
5,21.9,10,14.7,0
5,19.4,9.7,14.6,0
5,21.9,9.3,14.5,0
5,25.8,11.9,14.4,0
5,23.8,13.2,8.9,0
5,18.9,15.4,3.6,0
5,20.4,16.1,8.4,34.4
5,18.4,13.6,11.4,7
5,15.5,6.8,8.3,0
5,16.9,10.2,5.5,0.2
5,21.1,11.1,13.2,0
5,22.7,11.6,13.8,0
5,22.9,14.1,13,0
5,22.2,9.6,11.6,0
5,19.1,11.1,11.9,2.2
5,18.7,7.1,10.9,0
5,19.6,8,11.5,0
5,17.8,8.3,8.5,0
5,19.1,8.3,10.2,0
5,25.3,10.9,11.4,0
5,16.9,13.5,11.3,0.4
5,17.4,6.3,10.9,0
5,16.9,6.9,8.7,0
5,14.3,10.2,5.8,10
5,14.9,4.6,10.6,1.7
5,12.9,7.8,8.1,0
5,14,2.9,10.8,0
5,13.5,4.6,11.1,13.6
5,16.6,4,11,0
6,16.4,7.8,9.6,0
6,17.7,8.5,10.7,0
6,12.5,10.3,3.1,7
6,14.7,10.3,4,0
6,13.6,11.9,6.8,32.6
6,14.1,6.3,9.5,0
6,13.8,9,6.7,1.2
6,15.8,9.3,6.8,0
6,16,11.4,7.5,2.6
6,14.8,10.2,7.8,0.9
6,14.5,9.4,10.5,0
6,13.4,1.6,10.6,0
6,16,3.5,10.6,0
6,15.9,5.3,10.4,0
6,13.4,2,10.6,0
6,18.6,4.7,9.3,0
6,16.3,8.5,6.3,6.8
6,14.3,11.8,10.3,0
6,13.2,11,4.1,0
6,12.9,10.7,5,42.6
6,12.2,9.1,6.3,2.4
6,14.5,9.6,10.1,4.8
6,13.3,9.5,7.3,0
6,9.9,7.3,7.6,0.8
6,10.1,0.9,10.6,1.4
6,7.8,0.6,6.8,0
6,11.5,2.7,10.6,0
6,12.9,4.4,10.2,0
6,15.6,5.3,10.3,0
6,12.6,5,8.3,0
7,13.5,5.9,9.6,3.2
7,14.3,7,8.2,0
7,13.3,8.6,5.8,0
7,11.3,4.7,5.8,0
7,10.1,7.4,4.9,2.6
7,16.3,7.8,10.7,0
7,16.9,6.2,10.1,1
7,12.6,8.6,6.4,14.2
7,14.6,8.5,8.5,0
7,13.4,8.2,3.6,0
7,16.5,10.8,11.2,11.2
7,14,6.7,10.1,0
7,10.6,3.2,11.3,0.5
7,12.3,1.1,10.5,0
7,12.6,3.4,12.5,0
7,14.3,-0.1,11.5,0
7,18.6,4.3,11.6,0
7,18.2,7.3,7.2,0
7,18.8,10.4,6.9,7
7,15.7,12.2,4.8,0.4
7,18.8,11.5,6.1,2
7,20.9,12.6,5.6,0.3
7,11.9,7.9,11.5,0
7,12,2.8,7.9,0
7,12.3,5.6,9,4.2
7,12.8,4.6,11.9,0.9
7,12.4,6.6,8.7,1.8
7,10.6,2.7,7.8,0
7,11.1,5.8,6.3,0
7,12,8.3,7.4,0
7,16.9,8.2,11.4,1
8,12.5,10.2,4.8,1
8,11.5,8.1,11.3,19.8
8,13.9,3,13.2,0
8,14.9,2.5,13.3,0
8,15.7,4.5,13.4,0
8,14.2,3.7,12,0
8,16,4.3,13.7,0
8,17.3,2,13.6,0
8,16.9,5.7,11.1,0
8,16.3,10.2,13.9,0.5
8,13.6,4.7,14,0
8,12.9,2.3,10.9,0
8,17,5.3,14.4,0
8,16.4,3.8,12.7,0
8,17.3,4.3,14.7,0
8,20.7,6.6,14.9,0
8,19.5,11.1,11,0
8,21.8,8.4,15.1,0
8,16.3,13.5,3.4,0
8,12.9,3.2,13.6,0
8,16.3,4.5,14.7,0
8,13,8.6,6.9,10
8,13.5,5.3,12.6,1.8
8,13.1,5.7,8.5,0
8,13.6,1.7,14.7,0
8,13.9,1.4,15.1,0
8,15.2,1.6,15.8,0
8,18.1,5.2,15.6,0
8,17.1,6.7,11.6,0
8,18.4,8.8,5.1,0
8,18.9,12.2,11,14.8
9,19.5,9,15,0
9,13,9.2,5.6,0
9,15.4,8.8,15.4,0
9,13.8,5.5,10.9,24.4
9,17.1,6.2,15.9,0
9,19.4,7.1,14.3,0
9,20.8,8.5,16.6,0
9,22.1,11.6,14.6,0
9,17.3,14.4,4.8,1
9,16.2,9.6,12.5,17
9,16.5,5.3,13.9,0
9,19.3,8.4,15.1,0
9,18.6,9.7,13.9,0
9,16.5,11.5,15.7,2.5
9,16.9,8.6,14.6,0.5
9,18.2,8.8,15.6,0
9,20.8,7.5,16.7,0
9,13.7,11.9,5.4,0
9,15,4.4,18,16.4
9,16.7,5.8,12,0
9,19.1,11.8,9.5,16.6
9,17,8.8,19.3,6.4
9,19.1,5.2,20.6,0
9,20,8.8,17.2,0
9,16.7,11.4,20,1.8
9,18,5,15.1,0
9,16,7.6,18,2.8
9,19.1,4.8,22,0
9,15.7,10,16.9,14.4
9,14.6,8.5,14.4,11.2
10,16.6,9,15,5.6
10,23.2,8.9,22.7,0
10,16.1,10.4,18.5,10
10,18.7,6.7,16,2.2
10,17.7,4.7,21.8,4.4
10,23.9,7.1,23.2,0
10,25.9,12.7,15.5,0
10,21,11.2,24,0
10,23.7,9.8,15.4,0
10,12.7,12.5,4.3,0
10,15.5,5.4,19.8,0.8
10,16.4,4.6,13.4,0
10,19,2.8,24.7,0
10,21.9,5.8,25,0
10,23.7,9.7,25.1,0
10,27.9,14.7,15.6,0
10,17.6,9.8,19.1,6.2
10,20.3,6.8,17.2,1.3
10,17.4,5.2,25.6,0.8
10,22.1,6.7,25.7,0
10,26,11.7,16,0
10,16.1,5.8,24.5,0
10,18.9,4.1,25.6,0
10,20.3,2.8,26.3,0
10,25.5,7.8,26.5,0
10,29.3,15.9,15,0
10,22.5,8.9,26.7,0
10,25.1,8.6,26.8,0
10,29.6,12.5,26.9,0
10,27,17.9,9.6,0
10,18.6,5.9,26.9,0
11,22,6.9,24.7,0
11,21.8,7.8,27.6,0
11,25.8,7.5,27.6,0
11,30.2,10.6,27.6,0
11,20.6,9.1,26.9,0
11,24.2,10.1,27.5,0
11,31.5,12.8,23.6,0
11,23.2,15.6,10.4,0
11,27.2,10.2,25.4,0.2
11,28.5,10.4,26.6,0
11,32.3,13.4,25.4,0
11,29,15.9,27.5,0
11,19.3,14,11,0
11,21.7,11.9,19.9,16.8
11,23.8,7.6,27.8,0
11,28.5,9.5,28.4,0
11,32.4,13.2,28.4,0
11,36.8,20,22.5,0
11,35.2,16.8,28,0
11,36.6,20.4,19.5,0
11,38.5,20.9,28.2,0.2
11,31,23.5,20.2,0
11,22.3,13.7,18.3,11
11,23.1,5.7,28.8,0
11,24.3,8.3,28.8,0
11,25.5,7.4,28.9,0
11,28.7,8.4,28.9,0
11,32,11.9,28.8,0
11,32.6,13.2,23.2,0
11,33.9,16.2,24.6,0
12,32.5,13.9,27.2,0
12,31.8,18.1,20.4,0
12,34.4,15.6,28.8,0
12,35.2,19.1,14.7,0
12,34.6,20.7,15.8,0
12,24.2,17.4,7.2,1.5
12,31.4,12.4,29.8,0
12,33.5,18.6,11.6,0
12,23.1,10.2,29.4,0.8
12,27.2,8,29.8,0
12,31.3,12,29.9,0
12,35.2,15.7,29.2,0
12,39.1,17.8,22,0
12,30.9,21.2,13.3,0
12,29.1,15.4,20.5,0
12,24.1,15,7.9,26.4
12,28.7,15.1,30.4,0
12,25.5,10,31,0
12,30.9,12.8,30.9,0
12,31.6,18.6,23.5,0
12,27.9,12.7,30.9,0.6
12,32.4,11.9,31.2,0
12,35.9,18.6,30.6,0
12,32.5,19.3,7.7,0
12,34.6,17.1,31.2,0
12,36.9,22.9,24.8,0
12,37.7,22.5,28.7,0
12,36.1,26.8,9.2,0
12,30.1,24.7,6.7,5.6
12,35.1,23.1,20.2,0
12,34.4,17.7,31.6,0
1,32.6,19.3,20.8,0
1,31.8,14.2,32.1,0
1,33.1,15.2,32,0
1,31.1,19.3,23.2,0
1,33.1,17.6,27,0
1,36.3,20.1,31.9,0
1,37.8,21,30.7,0
1,38.6,23.6,13.9,0
1,35.3,25.1,4.4,0
1,36.1,20.6,21.6,1.2
1,36.5,22,31.6,0
1,37.6,16.8,31.5,0
1,42.1,21.6,11.7,0
1,28.4,14.8,31.3,2.8
1,32.9,12.2,31.3,0
1,37.4,15.6,31,0
1,43.1,18.9,30.9,0
1,36.5,19.1,29.9,0
1,35.5,14.8,30,0
1,29.3,19.9,14.3,0.2
1,32.1,11.1,30.7,0
1,36.8,14.4,30.6,0
1,41.9,24.2,26.3,0
1,34.5,25.4,23.6,4
1,33.3,13.8,26.1,0
1,35,14.1,30.2,0
1,36.6,17,30,0
1,38.6,18.5,29.9,0
1,40.5,20.3,29.8,0
1,43.9,22,26.5,0
1,35.5,25.2,22.5,0
2,22.4,20.6,6,0
2,29.6,15.3,23.3,2
2,32.8,15.3,24.3,0
2,37.1,17.7,18.9,0
2,39.3,22.4,19.3,0
2,34.9,21.2,15.9,2.4
2,36.3,19.6,28.4,0.4
2,37.6,20.8,28.4,0
2,41.4,24.7,28.2,0
2,46.1,25.9,26,0
2,45.2,27.8,22.8,0
2,26.5,21.5,8.6,0
2,26.7,8.8,27.5,4.8
2,30.3,12.8,27.5,0
2,33.8,14.5,27,0
2,38.3,17.6,26.4,0
2,36.1,19.8,25,0
2,25.9,15.3,24.5,0
2,23.9,9,23.3,0
2,24.3,8.3,25.7,0
2,28.3,8.2,26,0
2,36.5,15,25.8,0
2,36.5,18.4,25.6,0
2,33.7,15.2,25.4,0
2,32.7,10.5,25,0
2,32.6,16.7,24.4,0
2,33.3,16.5,24.8,0
2,33.7,16.9,24.3,0
3,34.3,19.2,24.1,0
3,35.9,19.7,23,0
3,33.8,19.9,23.4,0
3,30.9,19.1,20.5,0.4
3,33.7,18,22.5,0
3,31.9,16.5,23.1,0
3,30.8,16.2,22.9,0
3,29.8,16.2,22.7,0
3,30,14.5,22.5,0
3,33.2,14.8,21.3,0
3,35.1,14.7,21.9,0
3,37.2,23.3,17.1,0
3,27.4,16.3,13.3,8
3,32.9,16.1,18.5,0.5
3,33.6,18.9,21.3,0
3,33,19.3,14.7,0
3,33.4,14.2,20.8,0
3,32.8,14.4,20.1,0
3,34.3,19.8,15.8,0
3,32.9,21.7,10.4,0
3,28.1,20.8,13.4,24
3,28,21.6,15,19
3,28.1,18.4,14.7,0.3
3,30.9,16.3,17,0
3,30.2,18.7,14.9,0
3,34.5,18.1,17.4,0
3,38.5,20.8,17.6,0
3,28,10.5,18.8,0.2
3,31.2,11,18.4,0
3,21.7,11.2,18.3,0
3,22.6,6.4,18.1,0
4,22.9,7.1,18.1,0
4,25.6,6.6,17.8,0
4,26.2,12.1,16.7,0
4,25.6,10.5,16.6,0
4,25.5,12.7,15.9,0
4,26.3,12.3,14.8,0
4,27.3,11.5,16.7,0
4,28.7,16.1,14.6,0
4,21.1,16.7,8.3,0
4,20.1,9.6,11.3,5.2
4,23.7,6.1,16.1,0
4,26.5,10.7,14.8,0
4,26.6,11.2,15.8,0
4,27,8.3,15.7,0
4,25,7.7,15.5,0
4,28,12,14.7,0
4,30.5,13.6,14.1,0
4,30.1,11.2,14.8,0
4,27.8,15.4,14.5,0
4,28.6,13.7,14,0
4,18.3,16.2,1.6,4.2
4,24.4,15.3,9.6,10.6
4,26.8,13.8,14.1,0
4,27.7,14.3,12.1,0
4,21.7,16,7.7,11
4,14.5,9.9,8.1,3.4
4,16.4,4.7,13.6,0.3
4,16.3,4.3,10.1,0
4,21,8.2,11.4,0
4,21,10.6,8.3,0
5,21,7.9,10.4,0
5,17.7,9.7,11.9,0
5,17.9,3.5,13.6,0
5,21.6,7.1,12.4,0
5,22.9,9.4,11.9,0
5,23.3,12,12.3,0
5,16.8,4.2,13.1,0
5,17.9,2.5,13,0
5,19.5,4.6,12.9,0
5,21.2,4,12.8,0
5,20.1,3.7,10.8,0
5,20.8,5,10.1,0
5,23.4,8.8,9.6,0
5,21.4,8.6,12.1,0
5,21,7.2,11.9,0
5,20.3,4.8,11.7,0
5,21,6.5,9.6,0
5,24.4,10.2,9.2,0
5,17.8,13.3,5.2,23.6
5,19.7,11.7,7.6,0
5,21.1,6.7,11.7,0
5,21.4,9.1,11.6,5.4
5,20.1,9.3,10.3,0
5,18,9.7,11.4,4.6
5,16.8,5.9,9,0
5,19.6,7.5,10.6,0
5,20.1,8.2,11.3,0
5,16.3,9.5,10.1,0
5,13.9,2.6,11.1,0.8
5,15.1,3.2,6.4,0
5,12.7,1.4,11.1,1.2
6,14,-0.8,11,0
6,14.4,-1.6,11,0
6,16.7,0.5,10.9,0
6,14.8,0.9,10.6,0
6,14.1,1,10.5,0
6,14.4,3.1,10.8,0.3
6,15.9,0.1,10.8,0
6,15.3,0.4,10.7,0
6,10.3,1.7,10.1,0
6,17.3,4.9,9.5,0
6,19.9,6.8,10.6,0
6,15.8,3.3,10.4,0
6,18.9,3.4,10.1,0
6,20.9,4.7,10.6,0
6,18.7,7.6,9.5,0
6,14.9,7.7,6.1,0
6,16.6,7.5,8.7,0
6,15.6,1.9,10.6,0
6,17.3,3.6,10.5,0
6,18.1,0.5,10.5,0
6,16,-0.5,10.5,0
6,15.6,0.7,9.5,0
6,17,3.5,10.5,0
6,16.2,3.7,10.6,0
6,16.7,2.7,8.4,0
6,16.4,2.2,10.1,0
6,12.1,3.9,5.3,0
6,14.9,5.7,10.5,0
6,16,0.6,9.9,0
6,13,1,10.7,0
