,0
0,0.006728618299972844
1,0.013035555474861127
2,0.013638112517658785
3,0.005087351061259238
4,0.012369149783222344
5,0.013351962497438086
6,0.011878364002360309
7,0.013069634327643742
8,0.011351026523471752
9,0.017797827267552524
10,0.01417469381970049
11,0.010770749374373612
12,0.01498698719645275
13,0.01582095120800453
14,0.01251906153215221
15,0.012280612174552896
16,0.012693766523444117
17,0.01173167143674081
18,0.01534494949765075
19,0.015377296475693525
20,0.016369057178542423
21,0.016456828249928
22,0.013398865989512787
23,0.0021863997067070873
24,0.011274378717976319
25,0.015608954208708337
26,0.006559213833627453
27,0.011742291520347115
28,0.01505650281232529
29,0.015996012693875628
30,0.019376908216878874
31,0.0205531200160447
32,0.019708543537176437
33,0.01834902933213778
34,0.02025581515681396
35,0.021825746719773775
36,0.02080175993509048
37,0.020547266723999202
38,0.022640354960642206
39,0.01662754331315064
40,0.015663499497296396
41,0.02184385801268629
42,0.02126545134094382
43,0.016845206975614424
44,0.017985936129426783
45,0.017050536599151567
46,0.027040444756254445
47,0.007678257433301194
48,0.023035059900282873
49,0.023899965735897366
50,0.02173458982006382
51,0.023246607312426226
52,0.019596193085450908
53,0.020490535914122088
54,0.024011685972531227
55,0.02182797204823861
56,0.022828213929863006
57,0.02478151451384636
58,0.02299207712316953
59,0.026279852103633594
60,0.0254933981488481
61,0.027383657198283284
62,0.031027674329798582
63,0.030128138508463742
64,0.03148534102513856
65,0.03039347866340192
66,0.025461216014780685
67,0.030838342150692366
68,0.03373065551867516
69,0.029121353914417503
70,0.03152026000905672
71,0.03426265919441507
72,0.026744955377608903
73,0.03250085438372974
74,0.023439929406129822
75,0.03767888999814839
76,0.026826243332853883
77,0.03888974735934836
78,0.03219046113080992
79,0.0340571592582668
80,0.04217704958235746
81,0.04180376082019244
82,0.04123972491103456
83,0.04784002840525736
84,0.04637672567408613
85,0.045188712692189714
86,0.048803160401303725
87,0.0400509276385157
88,0.037660991798329935
89,0.04495511410304154
90,0.0443375899005809
91,0.04101740385392816
92,0.04890105925696653
93,0.04522768137680844
94,0.05503558768908823
95,0.07547132267479828
96,0.06246487587648408
97,0.04892300888396384
98,0.05197263741462632
99,0.06276324466258654
100,0.06388735620485186
101,0.06302767624214978
102,0.05310395897376541
103,0.04837815796251066
104,0.04493134594482395
105,0.02882552673359047
106,0.042556422216762035
107,0.03979182352262556
108,0.054522853477265265
109,0.059385243336895766
110,0.0695780932589325
111,0.07809785573560113
112,0.08457107971340427
113,0.04818762229852247
114,0.06620595096052906
115,0.05791353529844323
116,0.07566649962672578
117,0.06810050712836802
118,0.08032107054151272
119,0.0816789850228763
120,0.05464325532344283
121,0.04458565376487489
122,0.047807577776123544
123,0.06128750220280854
124,0.05423869434405515
125,0.05413491521544578
126,0.05912652669369467
127,0.06599037336371039
128,0.08978289148064267
129,0.06845841899190752
130,0.10607633887688284
131,0.09069444281348726
132,0.11382916578116697
133,0.11729416524977987
134,0.0892394944539685
135,0.061103667607672385
136,0.07087496327007947
137,0.05237824548676073
138,0.08604639179230889
139,0.09446018157054548
140,0.10748505846434853
141,0.10798147545838344
142,0.11347818690742173
143,0.1117171145139908
144,0.08295778502860962
145,0.09864590050614597
146,0.07930253610918392
147,0.07067996850292024
148,0.07482020543554713
149,0.05067745958441261
150,0.04178678915120129
151,0.05188836944766306
152,0.08004767510705024
153,0.08872711992944105
154,0.09172467218191782
155,0.09556175309768955
156,0.11757450065564745
157,0.10439184792063516
158,0.09108604833789169
159,0.08091465149659438
160,0.09323881344681562
161,0.09676007856661872
162,0.09213360118665515
163,0.09026445121226612
164,0.09930087016992895
165,0.10708733112200308
166,0.11097417024755929
167,0.09853956463729752
168,0.08988008395282021
169,0.07777906016077063
170,0.057563661011243994
171,0.07843988365947885
172,0.08103272104962222
173,0.1134216461145301
174,0.11770861995904269
175,0.13349464834537805
176,0.11205748639232693
177,0.1291862866992326
178,0.09014205640724127
179,0.11942121320487731
180,0.1249779722891251
181,0.14194865800856427
182,0.14528906858597468
183,0.14880578680837897
184,0.12628032490159535
185,0.11889180551953293
186,0.12207891933670734
187,0.1001825528402489
188,0.12509111673321582
189,0.1218208157016023
190,0.12965423629902695
191,0.13328609289093096
192,0.08064937874771338
193,0.06012553474216942
194,0.06841829042346959
195,0.018626168966344392
196,0.04361641602137878
197,0.11626140219127734
198,0.1307954390297308
199,0.10220536564822913
200,0.09814247097357587
201,0.10825851492929184
202,0.13423667900736236
203,0.13545179630703963
204,0.13644595857790742
205,0.1316639896981422
206,0.12202218608257098
207,0.13265266549467958
208,0.13613719320403295
209,0.1261298673006146
210,0.12625309728077116
211,0.1318986144297667
212,0.14115441013884222
213,0.14638939147269614
214,0.14468868387006584
215,0.08766170075968782
216,0.11321664070528659
217,0.06825651759014661
218,0.059051399710576824
219,0.04852330524935966
220,0.08658266462763131
221,0.09829767214813678
222,0.10140720424227956
223,0.1004642924864596
224,0.09275704264560991
225,0.07562603939696433
226,0.08798431340241741
227,0.08610546867454771
228,0.08409848182075974
229,0.016951090322897766
230,0.08293473999644974
231,0.10849752264694601
232,0.07483319620787432
233,0.07677130398902987
234,0.06673303906418737
235,0.07211699661499926
236,0.07919818570190973
237,0.09470211585428379
238,0.08979067458192125
239,0.10207276497923612
240,0.04700397741446016
241,0.1050080829620823
242,0.05301880305062201
243,0.0699089570629523
244,0.061994399864943706
245,0.061453698289500425
246,0.08642038368737825
247,0.07519217348446805
248,0.0865038507281457
249,0.08603529405141108
250,0.03247679664577552
251,0.02436816965677613
252,0.041579528661761955
253,0.0752274615365276
254,0.09616999184490216
255,0.03934082639198966
256,0.0645944540839487
257,0.08416837927714704
258,0.062181238610516054
259,0.04414430734157504
260,0.07033382378151032
261,0.07463601961903255
262,0.02655036383880116
263,0.044407420242349005
264,0.01781256796534958
265,0.015651285875375898
266,0.018752591199434843
267,0.039843034479227324
268,0.046010861898397426
269,0.05058987368870893
270,0.059748738143750924
271,0.05605460523960515
272,0.0371690585466391
273,0.049468916287310094
274,0.038047468211543034
275,0.04707767142407926
276,0.04478830682779389
277,0.044275027953634805
278,0.038403255654362756
279,0.042866978392320565
280,0.04885238567245498
281,0.05226045498539911
282,0.007544424989809784
283,0.006780377670294158
284,0.00655370404414235
285,0.0025324246171800624
286,0.017770739980834893
287,0.026557906310093138
288,0.025798917661586707
289,0.027968160070454662
290,0.03092628705390421
291,0.026665584516191387
292,0.013264561943431952
293,0.015141086975394735
294,0.009188752138659773
295,0.018849878190315472
296,0.019002002799483275
297,0.03274673218263713
298,0.030048859040932463
299,0.02032256457427284
300,0.023847318961263575
301,0.024163681106692536
302,0.027250664290175752
303,0.021932591583892602
304,0.018144529987650593
305,0.016055690744592788
306,0.014885885884444505
307,0.016431951510425424
308,0.015403357171531962
309,0.011870544932754967
310,0.010538197608098265
311,0.012167663707548959
312,0.013908965130187578
313,0.0021580020608200634
314,0.0010364107725195915
315,0.004149882272335148
316,0.00927002839278468
317,0.01249684779910698
318,0.011706934935389102
319,0.014872148691170262
320,0.009494237257107185
321,0.02070987021696702
322,0.0145373220642111
323,0.02139243791107104
324,0.02356656871349294
325,0.007966668887098294
326,0.004400057082431408
327,0.00789747828994214
328,0.005514684262311054
329,0.0031263097328548817
330,0.0013438197072654923
331,0.004743795670977935
332,0.005402458283077838
333,0.011697180394763418
334,0.014336282228144981
335,0.014927116662313722
336,0.01257071768695317
337,0.011099098350725534
338,0.006302205508829539
339,0.012414189446244839
340,0.003151908674591919
341,0.011833813454118491
342,0.008620527775597298
343,0.009162008390387388
344,0.010585532583792245
345,0.009954599921412122
346,0.00820710403849767
347,0.009278996570782683
348,0.010207611042571063
349,0.010175562768308
350,0.005897975545518408
351,0.004893301668960293
352,0.0037342111372515863
353,0.010433766807819156
354,0.009804367875599018
355,0.0053649370458077605
356,0.0037993934148592423
357,0.007845489121798943
358,0.008599101077830573
359,0.009375448198735148
360,0.010053438520087443
361,0.009935181033750462
362,0.009447515726731526
363,0.010070472624495563
364,0.012639815821134048
365,0.014171189261125816
366,0.017517104277702478
367,0.015810221188034213
368,0.011040733212217768
369,0.008938833321453288
370,0.015426136024441428
371,0.005228573653871971
372,0.006813901463996297
373,0.008748308638075297
374,0.011948590456855035
375,0.0038667920307415837
376,0.008888728472588037
377,0.013976961022396539
378,0.014531281435548271
379,0.010223176864254668
380,0.007754067356501748
381,0.012981632554045053
382,0.012063503473634052
383,0.014750804936787265
384,0.01498253976384234
385,0.014344423443596765
386,0.014731697740725469
387,0.009050224926161698
388,0.012707962222904712
389,0.014082607398172797
390,0.017598991841500267
391,0.018059882724191567
392,0.020148205552158238
393,0.018529589422720427
394,0.019325134373995745
395,0.027076531434215845
396,0.03470463339739149
397,0.043429151859519344
398,0.041504544766143514
399,0.03334302492748886
400,0.020297173199026908
401,0.01550468958364859
402,0.019195989756427556
403,0.015036036671937092
404,0.015622185001007649
405,0.018325005322684662
406,0.024029260890715776
407,0.016994683762944218
408,0.02221365790598817
409,0.018373756268507346
410,0.02653580851988968
411,0.02091485102423274
412,0.014014808889702968
413,0.029662268526985613
414,0.02697510381792334
415,0.026717312682225547
416,0.027514030792451738
417,0.028437842917515166
418,0.031015812833712353
419,0.03573509802365926
420,0.0308462545970829
421,0.029176526440662265
422,0.030548424476521063
423,0.024851488406673283
424,0.031368057624012735
425,0.03414038124309382
426,0.03312683457909271
427,0.03526716748697334
428,0.03450182086077502
429,0.03686674755507413
430,0.03502917506461278
431,0.03960924638834484
432,0.027518205563344056
433,0.028259018097055666
434,0.026491703493418672
435,0.03383670313744691
436,0.025379573692468904
437,0.04044481094775687
438,0.04089796990650996
439,0.05563775380548375
440,0.04171755841555358
441,0.05553366061033804
442,0.07354207762311615
443,0.05924952319901977
444,0.08711002099852205
445,0.0366193417540166
446,0.06189499942348975
447,0.0649805183704999
448,0.045588711224445966
449,0.043521239523691246
450,0.04189832162250573
451,0.04680808549663995
452,0.05302655419656732
453,0.03356390919615859
454,0.031465049877517526
455,0.03377486327117518
456,0.03608202539008021
457,0.04775014974418457
458,0.04664297248925142
459,0.054287102752131666
460,0.03475497943367367
461,0.03674276806133303
462,0.03748723394089115
463,0.04654710964803943
464,0.03577948235359196
465,0.046337370482656404
466,0.045953800056958594
467,0.06202833620312709
468,0.06262690344492317
469,0.07407829770635654
470,0.08183337335312801
471,0.06056911558305922
472,0.0756119561574824
473,0.0833791900378209
474,0.09442645780122927
475,0.1029871172199659
476,0.09095982015243997
477,0.08900715415820759
478,0.11147530506530279
479,0.08404968622545805
480,0.06667884436655402
481,0.06801939649555999
482,0.08794938012671283
483,0.09488288178634852
484,0.06725502802652983
485,0.06743343489210618
486,0.08705904995734981
487,0.0989761967935423
488,0.07553432007871663
489,0.08063045870005947
490,0.11165942477389867
491,0.1251599622398638
492,0.10513033661494742
493,0.09979418564951059
494,0.07801639018637596
495,0.1117827711543935
496,0.08203419296673342
497,0.09582678507946563
498,0.10319280200129066
499,0.10471449089858664
500,0.11172180004103893
501,0.12500259947794978
502,0.0651375092703268
503,0.09782763564051633
504,0.12687538136763665
505,0.12143208588155652
506,0.05932879634789767
507,0.06725071102686209
508,0.04690112228647436
509,0.09093701796059461
510,0.06084487999365695
511,0.05110695930567388
512,0.05304373083220293
513,0.10124039680537633
514,0.1188557364811973
515,0.11637420886962246
516,0.06949513146538777
517,0.08774823185266722
518,0.09724399445974985
519,0.09681085573485815
520,0.09416805916040794
521,0.09165092302490363
522,0.09377556085736316
523,0.09278616215128288
524,0.10957598917667832
525,0.07910350411300637
526,0.08390031785148633
527,0.10424094398952022
528,0.10961895468475236
529,0.09965747740419584
530,0.11518342050982255
531,0.11286898811538482
532,0.10663863535875295
533,0.10954751976722621
534,0.07344992823540641
535,0.07124159257467931
536,0.1155581680645752
537,0.1203310925519614
538,0.11300282049637778
539,0.12744457332417758
540,0.1335543337641636
541,0.11622661599065864
542,0.09699822196382923
543,0.11329280338677927
544,0.11955600029495184
545,0.12627154963878873
546,0.12313202869455298
547,0.12420350281594184
548,0.1366001786917126
549,0.1423616172083748
550,0.14820144085235798
551,0.11900954470375802
552,0.1213458176047828
553,0.1257790331333717
554,0.14627326463678214
555,0.06491842612607313
556,0.08488353342668331
557,0.07755096054929167
558,0.06315179049607278
559,0.09433879133458589
560,0.10300046088071158
561,0.1274553453365841
562,0.11354947990471409
563,0.1153115692049349
564,0.1274651621600773
565,0.12039709490729056
566,0.13839157207618857
567,0.13946203498473286
568,0.13639966154743677
569,0.11986920114198618
570,0.11931254303940975
571,0.10964660657351954
572,0.11978968363883125
573,0.11424395771252871
574,0.11750736421737518
575,0.08786500610403669
576,0.08681589942154311
577,0.06731975625734599
578,0.0874787577309295
579,0.09633128479218911
580,0.04425733983987756
581,0.08122926231182426
582,0.11288907019222583
583,0.121067271282993
584,0.08243565230718053
585,0.09546171192879793
586,0.0959914767777077
587,0.09951680872428881
588,0.09389952059704854
589,0.09217019780554736
590,0.09749363979562009
591,0.10194634496304156
592,0.11300304703234065
593,0.11871579805895793
594,0.07487913812824232
595,0.12555948311581577
596,0.12544058262745006
597,0.09559482333250502
598,0.02923027779835552
599,0.09196731493960542
600,0.09257444598754505
601,0.12108935678353516
602,0.12515288258220236
603,0.12142887807160996
604,0.05382190261809239
605,0.06494279258759406
606,0.03765809670328313
607,0.025941820821239192
608,0.02186337337641686
609,0.016813410956646235
610,0.015104640003890113
611,0.058490294378151564
612,0.04010158832124093
613,0.06852762912872912
614,0.06135594555218349
615,0.06675906281891875
616,0.07265999816529645
617,0.07132509607027426
618,0.0642560964213974
619,0.07168226369799457
620,0.08670154588185097
621,0.07463018643639519
622,0.08599371163186476
623,0.002932390432416554
624,0.053246551854904345
625,0.057095800693794496
626,0.05901487410368911
627,0.07360246604077769
628,0.059036142519377055
629,0.04432124399249249
630,0.0037503553948656787
631,0.00943707149474804
632,0.02875608663074436
633,0.041251868474867504
634,0.007657867770663573
635,0.04238964442830451
636,0.045813758905802526
637,0.04985458609800775
638,0.05945775237887663
639,0.03379974669831043
640,0.05354064521907764
641,0.07775546718801962
642,0.059783761221150034
643,0.06712033858824684
644,0.07632554712666906
645,0.02827410578455014
646,0.025112739790917438
647,0.017500301801526508
648,0.02930885145027773
649,0.03162468579614863
650,0.034724177872865525
651,0.0375867478495695
652,0.013829174802684197
653,0.04624159614028889
654,0.04695718573150387
655,0.03756033671421033
656,0.02873525431498436
657,0.02016851397406949
658,0.030805504944031448
659,0.03217387673454519
660,0.03192340327117016
661,0.025379684854953677
662,0.009171672517222618
663,0.0022233901459660643
664,0.000704669251255341
665,0.016941235829197154
666,0.021432963486141876
667,0.015471183709775183
668,0.0134175840539692
669,0.027932851487273425
670,0.017243337934417458
671,0.018212467260304566
672,0.014411805992402549
673,0.013682058990656998
674,0.014843264200496975
675,0.007679652902885081
676,0.02356459643453057
677,0.03712827780074823
678,0.026682465979410708
679,0.019453016067755513
680,0.00890586041115271
681,0.007343220314753429
682,0.011175650763711076
683,0.01150740934707839
684,0.015456080197715716
685,0.011911060241089455
686,0.013975908433278228
687,0.01310816046169716
688,0.011492194883100604
689,0.0085867164235498
690,0.012218388451273654
691,0.01794539603899281
692,0.009414634785265275
693,-0.0013561825830294971
694,2.573424656082679e-05
695,0.006134766709152695
696,0.009265225906230246
697,0.007140422144843894
698,0.008735031752839406
699,0.008807122738133888
700,0.011069179844730215
701,0.007910309595393406
702,0.009080355748865898
703,0.011179295399781575
704,0.00705316638279041
705,0.010912964588685847
706,0.011871450745245316
707,0.011286192043076682
708,0.01041261367589752
709,0.011472333098417664
710,0.01013694373564622
711,0.009444595309240578
712,0.010732465220514964
713,0.008133614430812175
714,0.01127207130435326
715,0.004307676962461038
716,0.006293272613841161
717,0.005343917261622755
718,0.007806821753618465
719,0.0071249704755969034
720,0.006238336816988044
721,0.004769189887508407
722,0.007033729487357698
723,0.0027876364805565768
724,0.004617681864863554
725,0.002986607567248445
726,0.008419292465729589
727,0.006697565641639702
728,0.00893931850609797
729,0.007227754289963917
730,0.008890299209965091
731,0.011968180165510933
732,0.008147531118387619
733,0.012815440034460446
734,0.013616511968344458
735,0.012841245866831441
736,0.014090626354403613
737,0.013676751873090254
738,0.009784764379434208
739,0.013906248392115295
740,0.015348843360778686
741,0.012845825661462085
742,0.01768534748088757
743,0.013020279684709868
744,0.012067760894372004
745,0.009321489499717561
746,0.012738568383154902
747,0.012727697231528667
748,0.015328900142387747
749,0.01108374692793479
750,0.013629402690077397
751,0.014591333435080456
752,0.015327668397118854
753,0.011940341275249011
754,0.01047488773993055
755,0.016623897511758523
756,0.007950173101826996
757,0.014026310555734334
758,0.01581709047192903
759,0.017442434065426005
760,0.019967979175038453
761,0.021291335798056643
762,0.015012300889299945
763,0.021516417562971846
764,0.019275985503138138
765,0.01958622291590828
766,0.02132994900287999
767,0.021320298191445985
768,0.02245440694236489
769,0.021472321006675177
770,0.01863254758800581
771,0.0245538128030085
772,0.02578001422027354
773,0.02461949257232332
774,0.019362606849699038
775,0.017377438445920435
776,0.017675736806717968
777,0.018742439927254884
778,0.018510070756486696
779,0.027629387693226315
780,0.023573282515053195
781,0.028480964889569638
782,0.031141869914918185
783,0.021811885212944082
784,0.01965746748131858
785,0.019914395439388777
786,0.02417574853111093
787,0.031398773343550346
788,0.03023350181739559
789,0.029606676389733355
790,0.03183982533238927
791,0.035083728991132546
792,0.03513078252576607
793,0.041393080907242474
794,0.04313672422090198
795,0.04575378832170651
796,0.032797149133279024
797,0.028917886636739443
798,0.03164482418805736
799,0.033957509346021375
800,0.04328430095283142
801,0.04639198880249085
802,0.05779235557056861
803,0.03652697349062617
804,0.0343984115603333
805,0.03853089049207403
806,0.030161397147642433
807,0.0340620081994536
808,0.02842598890598147
809,0.03637205527053844
810,0.062065644331430914
811,0.037270701793856276
812,0.05488044996488872
813,0.048106733468318286
814,0.04393406880834538
815,0.04984508382782771
816,0.06301714106513678
817,0.07104112559891496
818,0.06280447330719019
819,0.04421556577655661
820,0.04367303312672832
821,0.060565411531872115
822,0.07365098290112204
823,0.07709683878856177
824,0.09732858246950382
825,0.08581130668246573
826,0.04244104932117221
827,0.05425874413970311
828,0.054682662998062126
829,0.05598338274342729
830,0.06540070970137879
831,0.03397690147223709
832,0.05495441310663862
833,0.05204859810726625
834,0.0728783900574772
835,0.09050988198769039
836,0.06302797108517977
837,0.06745678591414839
838,0.07435152394958866
839,0.11861146846707893
840,0.08584346626234929
841,0.06075903187396525
842,0.06364919974901229
843,0.06556098229514351
844,0.08080499529802809
845,0.082365515157798
846,0.05941621451508272
847,0.0670657086601194
848,0.09472029117674685
849,0.09614062121460121
850,0.11150139654617908
851,0.11720113325317483
852,0.0674077336705996
853,0.07552246876198421
854,0.0657776926753586
855,0.11275165677549781
856,0.10684985940053959
857,0.09509634452273641
858,0.06003667769290022
859,0.07607035151766106
860,0.07539229136829562
861,0.08063917412647426
862,0.08871952101294767
863,0.10640045681557542
864,0.09137059835490735
865,0.07241821978191965
866,0.09063599740838724
867,0.05830769744910258
868,0.08604853551002645
869,0.08065520427132489
870,0.0968873495132514
871,0.10001851580676346
872,0.12116058936831209
873,0.10293607778052172
874,0.12018677543469769
875,0.12047690100591524
876,0.1383715285019833
877,0.10930575128287856
878,0.09395651248393966
879,0.12817910174694935
880,0.13817702919401276
881,0.10683589295454743
882,0.08035756462550792
883,0.09522946627642259
884,0.10187892268976695
885,0.08203080234782822
886,0.07732809120618178
887,0.10310609724644948
888,0.10863319960204487
889,0.13443723318367384
890,0.10871409750058936
891,0.11412171287720607
892,0.11827430206475231
893,0.1259619129196614
894,0.12647017432149088
895,0.10176306655506773
896,0.08107559928801011
897,0.08106049379268043
898,0.10338429267585081
899,0.11668392651226522
900,0.14173720106118992
901,0.1026718959986277
902,0.12496290518699915
903,0.13779699828142444
904,0.13604617116415696
905,0.1279223062281316
906,0.11292271012256316
907,0.112313067067082
908,0.12324228089941691
909,0.10802304808055752
910,0.12656491759112676
911,0.126650850426687
912,0.1376254832102317
913,0.14522227011174493
914,0.12070999750758205
915,0.13693611409547257
916,0.14076423127594495
917,0.13102441870641446
918,0.12908099851889698
919,0.14181807911803546
920,0.1436145375719553
921,0.08843647309535951
922,0.1250910449181415
923,0.15052220906997116
924,0.1113419705664973
925,0.06326457387731566
926,0.10829020266365852
927,0.11879446613044031
928,0.13692324241196108
929,0.158129288301609
930,0.1480929009414398
931,0.09539979806693832
932,0.1302575727012929
933,0.13812655649748917
934,0.14004606314632984
935,0.12731599995291232
936,0.13891719827933136
937,0.13593530992294856
938,0.13300558501475024
939,0.11421024511739919
940,0.13073886684709102
941,0.10521190904284117
942,0.10532111312472958
943,0.12749128252857211
944,0.05324346041843975
945,0.08655285570043425
946,0.1058199262791879
947,0.11772876091219242
948,0.11861030736770184
949,0.13041038797886273
950,0.1435472874768684
951,0.14422867980416987
952,0.1270065213946716
953,0.1233447801124079
954,0.12523577213506032
955,0.12709613578150813
956,0.0988400171119177
957,0.11730210499189919
958,0.11997190604235675
959,0.11654013123765994
960,0.11670387735015852
961,0.11265041055720815
962,0.12248573160079568
963,0.1351871158469682
964,0.1146127513785129
965,0.1085384915370291
966,0.0905607181552841
967,0.11032772699497517
968,0.1372136744047805
969,0.06315438006469432
970,0.03580280892103094
971,0.015212232457479047
972,0.07736844318088432
973,0.07379363340856937
974,0.08199241875512353
975,0.09610777999928066
976,0.0959322534622693
977,0.09593902537780874
978,0.10654907831690519
979,0.11036152942052979
980,0.10849348461395047
981,0.10764681792762643
982,0.11558160777993809
983,0.10459637854176629
984,0.10403869133736254
985,0.07531618150425734
986,0.09205372885098795
987,0.06071818732640022
988,0.0494685427519137
989,0.053683482027021556
990,0.06479594979375536
991,0.058918402308092865
992,0.021971969805839597
993,0.0493218301374021
994,0.05472603821838429
995,0.07617199816359133
996,0.06918676374139432
997,0.09588324490514477
998,0.11920128696591092
999,0.027435396414988045
1000,0.03918864553652557
1001,0.013974061783315506
1002,0.017456674059159294
1003,0.027778592612025754
1004,0.04224942799296505
1005,0.03820230362245347
1006,0.046176007747015024
1007,0.04856050953230007
1008,0.043790998052415375
1009,0.05414991772075117
1010,0.04823475550187917
1011,0.04626906473311587
1012,0.05518092290955723
1013,0.06122633738607508
1014,0.058740814817453746
1015,0.05531981046914192
1016,0.0662573544484939
1017,0.03966288806996854
1018,0.024685698423628555
1019,0.01904770207776796
1020,0.027341657456057433
1021,0.021598662795380363
1022,0.024317278701390332
1023,0.017628404027830058
1024,0.006954507673357702
1025,0.013053823305603895
1026,0.004542714557518979
1027,0.01977984973207425
1028,0.021535290704651544
1029,0.030018043268578154
1030,0.049633266712451274
1031,0.01984398023123468
1032,0.013651198865568315
1033,0.01538772069031591
1034,0.019725879447724193
1035,0.021841891362945454
1036,0.019281545797664723
1037,0.020531275243637293
1038,0.018367787415537684
1039,0.012453966700083807
1040,0.021533424820383562
1041,0.024752700737516342
1042,0.03150043837125516
1043,0.03056850447045667
1044,0.027882107878736573
1045,0.012093371201939984
1046,-0.0012922141924114339
1047,0.002912731649962863
1048,0.007294230332319573
1049,0.0076872270408987475
1050,0.0009239684608339793
1051,0.006327836218942284
1052,0.011157277804056065
1053,0.007808472602223837
1054,0.0023462538238980812
1055,0.009932643271252983
1056,0.008448852196710765
1057,0.009998798294148736
1058,0.008642946097152437
1059,0.007210224342104388
1060,0.009836377809143482
1061,0.013737432170318531
1062,0.017180620996650076
1063,0.019910320367598544
1064,0.018081452916324237
1065,0.015316738388313933
1066,0.021723960840597356
1067,0.009279928026267203
1068,0.007224971107132605
1069,0.008052644461403968
1070,0.012425977696898016
1071,0.009596342051178652
1072,0.009688017840648211
1073,0.010643858112841631
1074,0.007406980248623185
1075,0.010313918561338342
1076,0.008820106354626933
1077,0.009937706516901068
1078,0.008742854018081614
1079,0.008740623727531593
1080,0.00766522991406271
1081,0.005481067529186312
1082,0.005436289477726897
1083,0.007573618656320225
1084,0.008153195366542354
1085,0.008346120562143122
1086,0.008290661742744287
1087,0.0048761054114006
1088,0.009213492999223138
1089,0.009317391545486053
1090,0.005605897132989535
1091,0.007960860234790923
1092,0.010270694480801534
1093,0.008912424639681893
1094,0.008225329468683817
1095,0.012694670774572536
1096,0.013524485442294454
1097,0.012702765740668864
1098,0.018534904443477718
1099,0.01024576861329618
1100,0.010455501113029841
1101,0.011838411771701196
1102,0.011308153207030713
1103,0.014715610558164505
1104,0.011402894217671822
1105,0.013505472621760495
1106,0.014910945261260578
1107,0.014939985302595993
1108,0.018956733894061273
1109,0.018140002957562684
1110,0.01679991509448131
1111,0.02237143872580205
1112,0.024390296964842406
1113,0.014974944148242963
1114,0.017019239339366665
1115,0.012037583159566045
1116,0.013019539607032948
1117,0.016445733461472045
1118,0.01344208844546535
1119,0.014602792005292464
1120,0.016566012383640416
1121,0.013121767329352885
1122,0.020235161008991476
1123,0.0158049722524356
1124,0.01894170249428684
1125,0.019329437399419058
1126,0.018992338019331534
1127,0.01801245008125263
1128,0.019718296802870405
1129,0.01603776174711191
1130,0.015197486573422125
1131,0.012300961856679171
1132,0.023687804320063233
1133,0.010602035791376752
1134,0.023388532339581047
1135,0.024328829984066047
1136,0.02538936758166055
1137,0.023707944555790395
1138,0.024167997004288733
1139,0.024869844184367773
1140,0.02591742813719833
1141,0.02471268616062483
1142,0.02664748868739153
1143,0.028235999571523118
1144,0.02393553596115683
1145,0.01956511632944191
1146,0.0202417675836859
1147,0.016373426809383806
1148,0.023620470807832694
1149,0.022359063976734816
1150,0.023059962577152593
1151,0.028935821440126297
1152,0.036756694278144764
1153,0.03283122362310431
1154,0.029612247799374547
1155,0.039582255661894994
1156,0.04487559079045811
1157,0.05126128825035403
1158,0.051048681954427355
1159,0.052076415958431266
1160,0.05260674128679366
1161,0.04342137548952829
1162,0.03862563755998938
1163,0.03984018216300056
1164,0.06626164864357476
1165,0.03175096210250272
1166,0.033483998067332266
1167,0.03872129349498232
1168,0.02246646896208837
1169,0.034721524870159115
1170,0.03740818635368903
1171,0.030141592217723945
1172,0.0304358134474485
1173,0.039026628244407835
1174,0.06521224692543759
1175,0.03838783350692987
1176,0.05177151172598182
1177,0.04937025952512886
1178,0.04415321795957339
1179,0.0556580554210786
1180,0.06915307390124581
1181,0.05047910990153115
1182,0.05392392172003424
1183,0.04410589200366277
1184,0.057980272690793644
1185,0.09223858204220337
1186,0.04806680152620668
1187,0.05166418015751173
1188,0.047317036919240385
1189,0.06463277175885651
1190,0.05413066666190269
1191,0.04124272136696738
1192,0.05524426871320698
1193,0.0551953337816381
1194,0.10203652319736056
1195,0.10760380780536583
1196,0.060326843708918165
1197,0.08613310403992314
1198,0.06418062557681026
1199,0.0414328100655581
1200,0.07170700214809411
1201,0.08848044783872933
1202,0.05349163242270372
1203,0.07267289636541063
1204,0.0920134385450262
1205,0.11429884529138734
1206,0.10759946619446392
1207,0.08770560498532376
1208,0.04269044102531572
1209,0.05365428278301043
1210,0.05932795240294242
1211,0.06608251869900128
1212,0.05949031839412089
1213,0.07971491909932094
1214,0.06298383231760285
1215,0.08075326142627448
1216,0.08618136329962356
1217,0.10125414706417901
1218,0.10854242803812042
1219,0.06995120727198456
1220,0.06666662118492095
1221,0.08427444635762749
1222,0.10618229403744106
1223,0.12551957079854548
1224,0.09186665391393012
1225,0.06675401638596812
1226,0.06759823521529063
1227,0.04390645551403871
1228,0.05384722022111088
1229,0.05766825795210373
1230,0.07351013366742265
1231,0.07849766535066482
1232,0.06713865634327432
1233,0.0803643447348068
1234,0.09374380698667739
1235,0.1075068448311689
1236,0.10771016529385857
1237,0.07185280492808843
1238,0.08069481110027388
1239,0.05953173537262524
1240,0.07347799118683174
1241,0.10049199449924995
1242,0.1007506179776465
1243,0.12022464133821575
1244,0.1273080264534614
1245,0.07970830664912087
1246,0.10403084288790154
1247,0.10836862655914192
1248,0.12829944496571022
1249,0.11651276252883669
1250,0.09351756683143986
1251,0.05226875586032187
1252,0.07528091472511456
1253,0.09577886608502517
1254,0.12325852911181645
1255,0.10353609713982026
1256,0.07949006670453507
1257,0.08407030510306557
1258,0.10839276653798802
1259,0.11431387243482627
1260,0.10705293423048401
1261,0.12393760958102895
1262,0.12630282745861265
1263,0.13138023720861414
1264,0.1394689132333724
1265,0.1330042340297597
1266,0.13827471071098607
1267,0.14713150761683913
1268,0.1306095615324092
1269,0.0625354309474484
1270,0.09864941484280765
1271,0.07410118570921398
1272,0.11740522182809299
1273,0.12911733915815926
1274,0.14624828734251372
1275,0.12234956547922149
1276,0.12684673683794578
1277,0.12917684875664115
1278,0.07900075081855329
1279,0.050951600729558066
1280,0.11858576461322157
1281,0.09167598390196607
1282,0.11252045801656907
1283,0.08517645343409574
1284,0.10566051869564275
1285,0.11738515179076225
1286,0.07445879085960394
1287,0.11211593704859935
1288,0.13344813338300465
1289,0.1426920526928086
1290,0.14435228716684723
1291,0.1408244471920752
1292,0.1398782377150387
1293,0.1462685796031069
1294,0.1364370991777175
1295,0.1427465781969932
1296,0.1382678553730572
1297,0.13127239171151128
1298,0.11428886921207315
1299,0.13519251378690988
1300,0.13333901984965646
1301,0.02233190655805939
1302,0.09161741172194504
1303,0.1091563411529326
1304,0.12466056969746697
1305,0.13518947780293722
1306,0.14559463786148585
1307,0.1503930980398267
1308,0.14321228693586052
1309,0.14446371647400724
1310,0.15360177576648182
1311,0.14626215290664124
1312,0.13752009524398723
1313,0.11662913722164259
1314,0.12340402488506008
1315,0.1386001165180577
1316,0.14495042355529586
1317,0.14378109958154717
1318,0.15075384507219702
1319,0.14668930229513188
1320,0.14824486703635387
1321,0.08020597302879784
1322,0.05128420894625707
1323,0.033685163971785226
1324,0.07419552899576431
1325,0.10304071545664595
1326,0.11732499392990858
1327,0.09840606656526818
1328,0.06270079640564763
1329,0.07723682233971463
1330,0.10029563759747484
1331,0.10630632234966919
1332,0.11237651518695158
1333,0.12193893007267098
1334,0.07140830085199612
1335,0.08598975128530473
1336,0.02196330460084539
1337,0.03905277202272295
1338,0.08701610263421555
1339,0.10045048843405313
1340,0.09484448921200128
1341,0.07640024177706639
1342,0.09999531116932925
1343,0.08452363673638397
1344,0.10700962840269712
1345,0.10789225765201316
1346,0.1133275570312322
1347,0.10316153446150311
1348,0.07748353484769677
1349,0.07597543049240718
1350,0.08411689133366496
1351,0.045945133149114525
1352,0.01241813706232131
1353,0.04836652018899201
1354,0.07689731920961451
1355,0.07704494965179354
1356,0.09703059207494791
1357,0.08482071823606852
1358,0.05460989586642717
1359,0.030161360020010797
1360,0.019677882812048964
1361,0.04907727059118816
1362,0.023131896656209516
1363,0.041351482130628
1364,0.03545532351248504
1365,0.028983084790356273
1366,0.0647055088328794
1367,0.07299535406693991
1368,0.07203237265754181
1369,0.07725239692968833
1370,0.02195754515971582
1371,0.016288635366442206
1372,0.02923194231505466
1373,0.036003717390338696
1374,0.03172760704171962
1375,0.038984623941408
1376,0.019196506298340577
1377,0.01486352993969331
1378,0.02418420551638656
1379,0.03234695319632097
1380,0.02758958272394718
1381,0.023041155656890133
1382,0.025433741878606586
1383,0.02757523537658635
1384,0.022090093532613597
1385,0.018320772317765854
1386,0.017970380070123415
1387,0.008352154901656306
1388,0.015754103140584785
1389,0.031116042417090206
1390,0.029408136957297604
1391,0.02110773586800052
1392,0.033125775404851066
1393,0.022004685099219046
1394,0.020789575766468005
1395,0.02733946137289367
1396,0.02984094184169539
1397,0.011427363893258935
1398,0.01646900339334101
1399,0.0035067046935282065
1400,0.0015484196718369425
1401,0.008727849012596822
1402,0.011218886480389934
1403,0.009259414180197156
1404,0.014781175662675672
1405,0.0143210900367845
1406,0.006428541853288117
1407,0.009642341833431711
1408,0.010737156907211443
1409,0.008398647500728051
1410,0.01467706543270797
1411,0.018513376214122967
1412,0.019244840643572125
1413,0.022530613874368832
1414,0.02295209565131673
1415,0.020450441027736854
1416,0.02827428974876245
1417,0.02355065636935505
1418,0.02214176855091976
1419,0.02827493363222855
1420,0.029976060310668462
1421,0.01600283650348988
1422,0.02469050340348211
1423,0.029678338383761105
1424,0.021508865147595424
1425,0.012504684073968875
1426,0.006955152499542816
1427,0.008730022559949369
1428,0.004963333777435297
1429,0.011399144959658436
1430,0.011686684112810597
1431,0.007900646306740589
1432,0.006395588258173657
1433,0.00971030489431457
1434,0.01052022598910285
1435,0.008872294399510094
1436,0.010034686449608365
1437,0.010758855315912141
1438,0.008686322286709958
1439,0.009748740556158486
1440,0.00977259238047501
1441,0.010781697880094976
1442,0.007440434131085194
1443,0.010077701564924713
1444,0.004242447875270505
1445,0.010217330713290895
1446,0.010213299636887774
1447,0.005468160489984442
1448,0.009291152077625098
1449,0.009096198410026402
1450,0.008434469591205085
1451,0.0038056253895535352
1452,0.0026495414847445
1453,0.006794834370757785
1454,0.007717259521562658
1455,0.0074225598423682815
1456,0.01009327670829685
1457,0.004539409904323666
1458,0.00827333134369046
1459,0.011223758444645293
1460,0.012750191087217644
1461,0.011541131763372015
1462,0.011119965344631222
1463,0.007456426356477142
1464,0.009831453836669724
1465,0.01314692523776051
1466,0.008579878762570159
1467,0.012338482691099717
1468,0.013039569714079269
1469,0.010003227895846178
1470,0.011822340098136985
1471,0.015892036905567508
1472,0.011334557620436447
1473,0.0020997372203777065
1474,0.01488269490675842
1475,0.01490068941123135
1476,0.01538069537986253
1477,0.015639584598134304
1478,0.014656827041578335
1479,0.012519492312279779
1480,0.017089551846726003
1481,0.01134227689554379
1482,0.012615868798759644
1483,0.01613707930344832
1484,0.011652272727106672
1485,0.014737940988750253
1486,0.015528075217160708
1487,0.018186062936178082
1488,0.017635756005556225
1489,0.02193640388326301
1490,0.017860172440888
1491,0.022684514821875057
1492,0.02285926809985206
1493,0.022924942040738028
1494,0.02378080155684592
1495,0.0229183747814532
1496,0.013117831934620128
1497,0.021621482028672423
1498,0.02050606722573267
1499,0.02089991685459447
1500,0.018578581283250406
1501,0.024489751227123602
1502,0.02497090988023598
1503,0.027415463396150752
1504,0.02789651380603031
1505,0.014739824592888695
1506,0.017690182623056216
1507,0.021100878740263784
1508,0.025942769209525984
1509,0.025418223730646172
1510,0.026040365070683524
1511,0.024036660287537703
1512,0.02923167384908476
1513,0.027706384917048243
1514,0.019955993803948413
1515,0.02371171404493655
1516,0.027732156441038658
1517,0.028953288049833326
1518,0.03208369505578457
1519,0.03244448080504503
1520,0.03653646952299594
1521,0.04310515974594065
1522,0.04340917940432154
1523,0.04713696322010019
1524,0.032860276673331246
1525,0.037918548597769774
1526,0.03644559221203236
1527,0.04110079516883758
1528,0.04504161005351781
1529,0.04509859841163699
1530,0.033890470597254474
1531,0.037462786219613076
1532,0.039554168422918146
1533,0.04609545692949624
1534,0.04766500472700974
1535,0.04044216714568982
1536,0.02650975889191698
1537,0.03484151645508593
1538,0.038158829264262284
1539,0.04672724212585577
1540,0.050995812430922216
1541,0.055219171911728315
1542,0.06240024388586907
1543,0.06354314860413557
1544,0.04894494731040444
1545,0.04769333091508621
1546,0.03682785374262387
1547,0.04967586696433335
1548,0.07037858173657563
1549,0.06125851384411041
1550,0.07846301806797618
1551,0.07073257530274069
1552,0.06340490486483041
1553,0.06409541243306482
1554,0.07774054377493211
1555,0.1066536105457323
1556,0.09357731722305829
1557,0.047369243391512494
1558,0.05643368460302667
1559,0.06883194655747005
1560,0.08203401603870364
1561,0.10607994421792677
1562,0.10086237139023257
1563,0.05737492183227588
1564,0.026531645399807458
1565,0.057328365219273314
1566,0.053714435014138084
1567,0.0705182244727709
1568,0.08013820887201595
1569,0.10347520312275371
1570,0.11126486944061798
1571,0.09605301060786697
1572,0.10988835114925788
1573,0.12470087179449996
1574,0.10816286415714016
1575,0.13660145580737915
1576,0.10036807926205293
1577,0.08071215941201615
1578,0.07158530129692053
1579,0.08354944538480158
1580,0.11422291071070445
1581,0.12551204165966734
1582,0.07236001193640851
1583,0.06839440212644132
1584,0.0887219325678883
1585,0.10381015565360929
1586,0.08268358207230131
1587,0.09949772605643448
1588,0.12487002487396026
1589,0.13410177652324906
1590,0.11400873249214749
1591,0.11469903559590078
1592,0.11176511063373429
1593,0.1219067137752674
1594,0.1279194479365584
1595,0.13828229214710785
1596,0.06540025645339886
1597,0.05268365901752636
1598,0.0784500704351716
1599,0.09081663375250448
1600,0.10708627900712653
1601,0.1265423580740661
1602,0.10623308979110746
1603,0.11695561033301693
1604,0.14436198661597244
1605,0.0784702496722538
1606,0.08316873293894611
1607,0.09398488806978422
1608,0.10773215697019811
1609,0.11842363602567696
1610,0.11956737524195793
1611,0.10954704550132632
1612,0.11558242989771372
1613,0.13182264033223623
1614,0.0811274534984534
1615,0.11712825082042055
1616,0.11716965045258698
1617,0.0816185298739196
1618,0.08340522320907517
1619,0.09868104365043395
1620,0.12762590228406712
1621,0.12287260889756624
1622,0.11072589248638387
1623,0.10933384520231071
1624,0.11249267943106966
1625,0.10157051735246503
1626,0.1300296796463094
1627,0.1325015242528842
1628,0.09939798564383917
1629,0.12032830498599001
1630,0.09616642243554319
1631,0.11956327879613937
1632,0.13452609976455943
1633,0.11641350147969165
1634,0.10182462763226208
1635,0.1281338325254877
1636,0.09766932994231636
1637,0.09537534310482743
1638,0.105061856279002
1639,0.12440491157399691
1640,0.12705723063527374
1641,0.10354980110702572
1642,0.1196786485015302
1643,0.1374968749383605
1644,0.15116563194283028
1645,0.13939090465503767
1646,0.11795827508735268
1647,0.12712670455285657
1648,0.12688867480480415
1649,0.13629952297611592
1650,0.1376816968442207
1651,0.10275950028345138
1652,0.02890040664827187
1653,0.03323246691887283
1654,0.0833725810527377
1655,0.036190189134254425
1656,0.03670762495515545
1657,0.055211472675172235
1658,0.11042394816407386
1659,0.10212210121207166
1660,0.09956536083043765
1661,0.11458343505019997
1662,0.1061138897901821
1663,0.10649029762483408
1664,0.12275628339866529
1665,0.13962654175632316
1666,0.06274434845063936
1667,0.0983040731272462
1668,0.09185087455414997
1669,0.1051924773036248
1670,0.0953993052720219
1671,0.09089389895703803
1672,0.09033790694231003
1673,0.09994382865433016
1674,0.09513150209574839
1675,0.1047520366340624
1676,0.10713384538198101
1677,0.10562392752474281
1678,0.1197195398209634
1679,0.12000472129267914
1680,0.1263305325554227
1681,0.15169507358888623
1682,0.14558419511711307
1683,0.135295651012453
1684,0.12196570830564735
1685,0.09157452189062343
1686,0.10837772222500952
1687,0.06444437145450932
1688,0.10422398661643206
1689,0.128458256266486
1690,0.09880801374395976
1691,0.09517478843394978
1692,0.09149722385245562
1693,0.11367015244768552
1694,0.11947590833679822
1695,0.12635636922254356
1696,0.1225608090932675
1697,0.10986363400814758
1698,0.10976394690443048
1699,0.0889158447935885
1700,0.11642376897086226
1701,0.12952083220956379
1702,0.0913107624238112
1703,0.10436848571698398
1704,0.10269665450433862
1705,0.09591547230993669
1706,0.06127435629160338
1707,0.05391104876520081
1708,0.03560250399206133
1709,0.09051256769477423
1710,0.0880085886522659
1711,0.09281352967379819
1712,0.10640561621751976
1713,0.08161089503405528
1714,0.0858538734386054
1715,0.08085201683513299
1716,0.08273325601122261
1717,0.0764713995589561
1718,0.06160465071726051
1719,0.0777113043277664
1720,0.11568151200329013
1721,0.05762645419631074
1722,0.07412389018698762
1723,0.08772453031897376
1724,0.09431917941552648
1725,0.03817291170012638
1726,0.033260609143790365
1727,0.02153854938980526
1728,0.0343214453050269
1729,0.03993903965745638
1730,0.017494825070217157
1731,0.05733133792271339
1732,0.06853128109391005
1733,0.06172808299461385
1734,0.03391458868339914
1735,0.04975362539568584
1736,0.01172427908784579
1737,0.03769884649338806
1738,0.020195261421275923
1739,0.0050159991784966
1740,0.02105437833948054
1741,0.02766368712074474
1742,0.0318558767044701
1743,0.035250950434365436
1744,0.031229899992110344
1745,0.03977885991996466
1746,0.04691810857075307
1747,0.07142009543090833
1748,0.046901973332177604
1749,0.012414477336628149
1750,0.012638310356700488
1751,0.019588888815453842
1752,0.017499650595219407
1753,0.017441692582193635
1754,0.023331272139314407
1755,0.025334474444844712
1756,0.014899365744892368
1757,0.005229626923312525
1758,0.012346718716865102
1759,0.008235564003691076
1760,0.0072919619194644625
1761,0.014990709050147544
1762,0.01917556208872906
1763,0.026569587804074146
1764,0.023421534753139905
1765,0.024217773782195806
1766,0.024048164137329575
1767,0.017883169353352102
1768,0.011062546845490573
1769,0.005360050227403601
1770,0.005254920345461267
1771,0.003486488813269517
1772,0.0050391614666120965
1773,0.006927245740165677
1774,0.009205791740437563
1775,0.011273613336841182
1776,0.006321684736541933
1777,0.010148449524453707
1778,0.013820979194615557
1779,0.01360241540923024
1780,0.016446740883828248
1781,0.018091515595080043
1782,0.01003580597974496
1783,0.0006813520366244497
1784,0.009404757455334867
1785,0.010970185955346823
1786,0.00793043876386168
1787,0.007775873311290926
1788,0.0016537558967462118
1789,0.005002756008797293
1790,0.012182172956773929
1791,0.009900136944210214
1792,0.00483953000965176
1793,0.004451869283390142
1794,0.012219483163446121
1795,0.010840609649550803
1796,0.01091198405875038
1797,0.009861133191194416
1798,0.012898881780953442
1799,0.019295371765125857
1800,0.018922955473390957
1801,0.018175693779652224
1802,0.008259182259789055
1803,0.019295371765125857
1804,0.010780830924874918
1805,0.011270236492937347
1806,0.009382364727215764
1807,0.014035901354059188
1808,0.006858038474464312
1809,0.014987182848861247
1810,0.005905659850152012
1811,0.008683257473184103
1812,0.011591566459464353
1813,0.010277482698588303
1814,0.00979308038097626
1815,0.005219498139601875
1816,0.0087315702004096
1817,0.011374704588863915
1818,0.011672075083845712
1819,0.009460953973401187
1820,0.007084365872923604
1821,0.008617555198745297
1822,0.010036654825677838
1823,0.006585615975378545
1824,0.01208578882385658
1825,0.007606734299688833
1826,0.01320669946204256
1827,0.012602957225110956
1828,0.012602325909480516
1829,0.00824521851872495
1830,0.012930855650516104
1831,0.012572534656507317
1832,0.011914068755197516
1833,0.014066380374103238
1834,0.01602501632534814
1835,0.014096925563741758
1836,0.012547411010555676
1837,0.010126190326226858
1838,0.019213884359802202
1839,0.010090466263289022
1840,0.0103357286425525
1841,0.015502789155048102
1842,0.015051184242386162
1843,0.014050090427583983
1844,0.012708103810239235
1845,0.013685547618887961
1846,0.015737188043959183
1847,0.01004234064744769
1848,0.016174837570809952
1849,0.01682587742961794
1850,0.016400482766648405
1851,0.013939353769917284
1852,0.01111078743716698
1853,0.010895675009630512
1854,0.013988646211342326
1855,0.014821954627122214
1856,0.023182330216849456
1857,0.021993244510318144
1858,0.014468739853280788
1859,0.013081215013325487
1860,0.01924137867707154
1861,0.01483643182890293
1862,0.01630316311282365
1863,0.010258514616375392
1864,0.01870280081451936
1865,0.020991426132422664
1866,0.019927802568274533
1867,0.018974707918137934
1868,0.015919877817968997
1869,0.023864693001976356
1870,0.01887962523546971
1871,0.018002821646164735
1872,0.024630628181608438
1873,0.025683724920886553
1874,0.024328794597006098
1875,0.01833015042596453
1876,0.029370871388434416
1877,0.025461975319197583
1878,0.022318855563767448
1879,0.020184924692791206
1880,0.02170875011690354
1881,0.022127837389975813
1882,0.028115644445030785
1883,0.030301521370169837
1884,0.023556146620588247
1885,0.030154767824046802
1886,0.034193883621161714
1887,0.025116670758285053
1888,0.029724379569872283
1889,0.03402284996188465
1890,0.03426156174149275
1891,0.028338759475540876
1892,0.03089735285613182
1893,0.02370114462520978
1894,0.03215807509450608
1895,0.0336778188183815
1896,0.040783327634774214
1897,0.04226278313745446
1898,0.05055295813859706
1899,0.05119026555080319
1900,0.03668566582901578
1901,0.03872401006284121
1902,0.03914018701896005
1903,0.04264305474739505
1904,0.040974938630570445
1905,0.04039629073789275
1906,0.04072436314854855
1907,0.03615527158716603
1908,0.04465290235940533
1909,0.04560670264920219
1910,0.047156506074765625
1911,0.045659542634673755
1912,0.04422904657979165
1913,0.05451686949468071
1914,0.049062167515453226
1915,0.04950126173611569
1916,0.05882793166566325
1917,0.06993195035725419
1918,0.09367192848938721
1919,0.10171286370820631
1920,0.11338516940710841
1921,0.11474304338424846
1922,0.051841997507932946
1923,0.06435182722026456
1924,0.09204464330988316
1925,0.09226014028194873
1926,0.06943907489999779
1927,0.06480082275360566
1928,0.07305754651588448
1929,0.09759766516248547
1930,0.10749012509880496
1931,0.09408117036751396
1932,0.06488233992852921
1933,0.0954387963039629
1934,0.10356706441569496
1935,0.09380275601439259
1936,0.055324630878212044
1937,0.06858031814044674
1938,0.0790287638194771
1939,0.0875988338221485
1940,0.10120288401847999
1941,0.08152096365560713
1942,0.07635747269246673
1943,0.07745296670615698
1944,0.09344488138236651
1945,0.0885295708576983
1946,0.05381167954676114
1947,0.08365636071824578
1948,0.042039547624526885
1949,0.055711690746547804
1950,0.03207681881913227
1951,0.07093882624653514
1952,0.06033638573590183
1953,0.07524151399182655
1954,0.08969664929834531
1955,0.10743043734704383
1956,0.11752253219031861
1957,0.08782948417185166
1958,0.07245281849392038
1959,0.08880362402807052
1960,0.0927837218724954
1961,0.0874322411172388
1962,0.09416740863033857
1963,0.11307047024496697
1964,0.1391240467370447
1965,0.14546986252434513
1966,0.13640808612027966
1967,0.09033808077666983
1968,0.10010039511897428
1969,0.09249090408517979
1970,0.1097759975131316
1971,0.13983169146042052
1972,0.08373756977562907
1973,0.08375754166074323
1974,0.09723708053837221
1975,0.08859197891058512
1976,0.12195498654273917
1977,0.09849667954903962
1978,0.08236732935395485
1979,0.11321356344988454
1980,0.11903653585698937
1981,0.12827980500223557
1982,0.1407615696190576
1983,0.1261145789543172
1984,0.0849229205804205
1985,0.1179014645998615
1986,0.1250505133756321
1987,0.09038929317388922
1988,0.0914875426820494
1989,0.11097697878631063
1990,0.1407982148738811
1991,0.10060296026077076
1992,0.13625179398175735
1993,0.13013029853011826
1994,0.13442850154262986
1995,0.1357024169316312
1996,0.12694338764017665
1997,0.06305197320823952
1998,0.10927992435315348
1999,0.11390581739937922
2000,0.12175753700365011
2001,0.12519927555822097
2002,0.07415069410369868
2003,0.09508492265926272
2004,0.10570107465492118
2005,0.1214061911342279
2006,0.12738996973954997
2007,0.12756368411565955
2008,0.13938557424933373
2009,0.10394022327919306
2010,0.06479474796816831
2011,0.0512603325250387
2012,0.06622893255146645
2013,0.09238160981276566
2014,0.10886744874040222
2015,0.17550724122021455
2016,0.13328504732272162
2017,0.14693226164841544
2018,0.16010638506038255
2019,0.141456617396027
2020,0.1698804847383264
2021,0.075748473453773
2022,0.13170261720412713
2023,0.10562100584504597
2024,0.10576448542306993
2025,0.12490228534327974
2026,0.1456540357945202
2027,0.1260028850985706
2028,0.08386334338846435
2029,0.04795710155422217
2030,0.11024317008185402
2031,0.12047150994285705
2032,0.12092509433176568
2033,0.12730649922921922
2034,0.039575091860616585
2035,0.09652476223430861
2036,0.03321899991057986
2037,0.02178943610422035
2038,0.022605238743126588
2039,0.0682104743808416
2040,0.08114791593122161
2041,0.054068728276846834
2042,0.10176286980133886
2043,0.0998920745035976
2044,0.10060671916333863
2045,0.10899961300574157
2046,0.12806370602431993
2047,0.13269223329264612
2048,0.14221092846839412
2049,0.1304845178008356
2050,0.13341807802459815
2051,0.14444299763599622
2052,0.10717805582990758
2053,0.10310395633090375
2054,0.08060289957064226
2055,0.07274342980289861
2056,0.10144819419892626
2057,0.12534686402985784
2058,0.10816355804200173
2059,0.13519004165842397
2060,0.12393152594948287
2061,0.14347721802339164
2062,0.15013316283028044
2063,0.13647199096513063
2064,0.10108165788364687
2065,0.12090898572040443
2066,0.11772034078868687
2067,0.12198363251008093
2068,0.128751904157955
2069,0.13937797291889975
2070,0.1310068405569873
2071,0.1361064819343909
2072,0.1386801828618558
2073,0.13950975149551015
2074,0.13529826856784144
2075,0.13518929078858832
2076,0.1292120378444932
2077,0.11902791729412199
2078,0.09241053800645638
2079,0.11432749229446282
2080,0.10727927210661381
2081,0.11411150114142132
2082,0.08079379871563841
2083,0.08038927712855415
2084,0.08637259796060803
2085,0.03396039815432106
2086,0.026909286395543575
2087,0.03599961372910565
2088,0.04813738944756629
2089,0.05300253337877869
2090,0.04603526889179044
2091,0.051197625655979184
2092,0.04466784468084528
2093,0.05084152960889732
2094,0.0435192618951592
2095,0.03785320201948483
2096,0.0313893173238724
2097,0.03485078475022485
2098,0.03743283898731198
2099,0.039373801223125504
2100,0.07839073471858526
2101,0.04227272569661711
2102,0.06511385983998919
2103,0.08990879159610365
2104,0.07355433895621655
2105,0.03309049486793647
2106,0.020861142121169962
2107,0.03685121379066736
2108,0.03832394140681972
2109,0.02967523150559792
2110,0.03551550029142092
2111,0.048689472364159325
2112,0.058408256444248075
2113,0.06267900296763651
2114,0.05500810048252003
2115,0.03853856053662641
2116,0.040515077218586715
2117,0.04781518885155256
2118,0.05273894611180818
2119,0.049057801868436446
2120,0.03024086265767023
2121,0.027432238267759423
2122,0.030881420295372664
2123,0.034081803833407864
2124,0.04289784262255569
2125,0.04498075866416151
2126,0.04955806438955035
2127,0.03553355499854938
2128,0.027067456821112668
2129,0.02726217296839062
2130,0.010852606217544025
2131,0.021022703965512424
2132,0.01677933381211849
2133,0.02055407397732134
2134,0.034375579688027624
2135,0.021942188236484306
2136,0.01755408796656055
2137,0.017114937178371648
2138,0.016745031545370992
2139,0.0033779344185298488
2140,0.005161185454759076
2141,0.017209009093366312
2142,0.022023247590325923
2143,0.024131109657581806
2144,0.0164676819148446
2145,0.012825552788881645
2146,0.008719492472990975
2147,0.010792857750823615
2148,0.005397165054073838
2149,0.008442903785961686
2150,0.027602430329352945
2151,0.016480527908621312
2152,0.007659174968797533
2153,0.004289110106272753
2154,0.006062291656919738
2155,0.006640629483976923
2156,0.005185786691318084
2157,0.007846376604031535
2158,0.012590810360607385
2159,0.008157006619671225
2160,0.0096328959675831
2161,0.011739217017672221
2162,0.008192238119318462
2163,0.00906587377410184
2164,0.013537905280722407
2165,0.009046813367478368
2166,0.008544932325305066
2167,0.008740812356766048
2168,0.012497725605933985
2169,0.011214178630945204
2170,0.013858894070316152
2171,0.010766490219701552
2172,0.01028582029363223
2173,0.009617036087248731
2174,0.010621800173084006
2175,0.010175562768308
2176,0.008145079668387734
2177,0.018326212077807602
2178,0.01065645891417799
2179,0.010720741294846015
2180,0.0091722268017298
2181,0.013329836405039153
2182,0.010634705441102454
2183,0.010719837796194565
2184,0.012297797744500905
2185,0.0032745684325825586
2186,0.011551080414140547
2187,0.010062364884225072
2188,0.009438480766079893
2189,0.006902390127629943
2190,0.01325010132923743
2191,0.01210039090851156
2192,0.012426689169737326
2193,0.007120920147899001
2194,0.010383339431700112
2195,0.01532172061385606
2196,0.013442051498268937
2197,0.015461548905789657
2198,0.014323009799549702
2199,0.010007228551242697
2200,0.02180202190149161
2201,0.014619816751440196
2202,0.017466433148726646
2203,0.013913498753441278
2204,0.018415812851234614
2205,0.016861215737844937
2206,0.017269189715479083
2207,0.012680425592828337
2208,0.017546419298836824
2209,0.01892676553999073
2210,0.018528634097415564
2211,0.02359362291963274
2212,0.021302719692859462
2213,0.008893148139998974
2214,0.01296562612732255
2215,0.017227388803626065
2216,0.013423527685934245
2217,0.009208713935456192
2218,0.009519694669231749
2219,0.014682359402634404
2220,0.0163523390840572
2221,0.02090100842490017
2222,0.02780558646936737
2223,0.022500603236001337
2224,0.022572569765983763
2225,0.022380323247284784
2226,0.02010145364206517
2227,0.02293514870111979
2228,0.024789631996537054
2229,0.019021354160827064
2230,0.027390212082504917
2231,0.024718995660717002
2232,0.018153785155046842
2233,0.024235016688011868
2234,0.021276754621530225
2235,0.025229029631847588
2236,0.028511427596764616
2237,0.02477746863051644
2238,0.030507782192841226
2239,0.028782579558977117
2240,0.023974670948611054
2241,0.02483438810734695
2242,0.019881986679753494
2243,0.022199002928858347
2244,0.016385104336739564
2245,0.026093268309435924
2246,0.027069619026908853
2247,0.02860619803471809
2248,0.02709355594557339
2249,0.020152291329929906
2250,0.01987716273900708
2251,0.029886243807848878
2252,0.031501612441345195
2253,0.025283253680011386
2254,0.033407936284823414
2255,0.029691603335675998
2256,0.03093617227275791
2257,0.02968300498546217
2258,0.03511105404308257
2259,0.036035440263519014
2260,0.03730758241483745
2261,0.03333152633456926
2262,0.027402145007860312
2263,0.03115444188997607
2264,0.030448436508580645
2265,0.036799983905944966
2266,0.03045816996910622
2267,0.03184589702060858
2268,0.035347051175634636
2269,0.03169276626168216
2270,0.03919764398117587
2271,0.02485525535106259
2272,0.033911949437500644
2273,0.03902264139753209
2274,0.0420853740436995
2275,0.03526316237892857
2276,0.04408387904155653
2277,0.029926653914123413
2278,0.035540487631514406
2279,0.045672424196064876
2280,0.03941680362356825
2281,0.03333349091490745
2282,0.0366336604977211
2283,0.0564640268004426
2284,0.045048450049624655
2285,0.035897014661565585
2286,0.04632092135616328
2287,0.06182893518653243
2288,0.052114403614869964
2289,0.05539635417239852
2290,0.04417195632409321
2291,0.04028940087523103
2292,0.04172690566199089
2293,0.031005405997256208
2294,0.05621133614433482
2295,0.060677110950881685
2296,0.06343595830758186
2297,0.060994800849909936
2298,0.04333906236803653
2299,0.039578064895422926
2300,0.052902160930746955
2301,0.061853299743976464
2302,0.05279011635101449
2303,0.05018863394624962
2304,0.056067232762142316
2305,0.06325757151941724
2306,0.07623048179281655
2307,0.06732091319008093
2308,0.06382774833837646
2309,0.07396075911534661
2310,0.09324151268249237
2311,0.059925240829866055
2312,0.056644970146020546
2313,0.061636251537220854
2314,0.06653069924427246
2315,0.0829356997202626
2316,0.10334555262072564
2317,0.06236973882393748
2318,0.07321255117272463
2319,0.09894237357192637
2320,0.053599353135757255
2321,0.08124769746089111
2322,0.09092429611227093
2323,0.107287669217913
2324,0.09247743116559404
2325,0.0484525992241287
2326,0.056861987335147024
2327,0.0740120212875599
2328,0.09653901639327689
2329,0.11471087053255902
2330,0.12019061442221668
2331,0.12524052923173645
2332,0.11419262513704687
2333,0.135215985132354
2334,0.0894611917860284
2335,0.054583955902549164
2336,0.07566778174743494
2337,0.07752952189499984
2338,0.0844605613702103
2339,0.1009981032588203
2340,0.11530323752065552
2341,0.10482233524734186
2342,0.11180418358804944
2343,0.11385378150161829
2344,0.09324061630602465
2345,0.12576619653480137
2346,0.10523576581688143
2347,0.10100317974818251
2348,0.06763650540383548
2349,0.11459321197614658
2350,0.09584993939393893
2351,0.07639661234409933
2352,0.09653013922395282
2353,0.11480828893063366
2354,0.13102499109750232
2355,0.1399857157573039
2356,0.08383441058012853
2357,0.08091705491821277
2358,0.052106752237990994
2359,0.0999502904081595
2360,0.08806824058746354
2361,0.11313215539742183
2362,0.09788798394171394
2363,0.09781596945358073
2364,0.12421610117720894
2365,0.1317078580143991
2366,0.0936008817171543
2367,0.12833836936904186
2368,0.12115113416140799
2369,0.13062813586818844
2370,0.10099174772627961
2371,0.0843826521517177
2372,0.1061624788630513
2373,0.12712292598038655
2374,0.09981575178168223
2375,0.11598364202231481
2376,0.1221573414927688
2377,0.09634002786845941
2378,0.11550451957410734
2379,0.13307511243071257
2380,0.13961455676420265
2381,0.1315977181945498
2382,0.09602073297337377
2383,0.1260337615389988
2384,0.1324327134893699
2385,0.14521882301019495
2386,0.15719898627791729
2387,0.0982916699501013
2388,0.125651098111339
2389,0.14719402114418711
2390,0.16706502189202732
2391,0.13625631764881252
2392,0.13700331908089947
2393,0.06326583926068396
2394,0.12204416896757131
2395,0.1464994671201163
2396,0.1561711350320314
2397,0.1188119811798225
2398,0.11824939131290169
2399,0.13515084881101114
2400,0.13988002239938258
2401,0.1485189001990963
2402,0.154179116387414
2403,0.16993918595752078
2404,0.12430268933885125
2405,0.0252726088900439
2406,0.08229565030152242
2407,0.10638310638173953
2408,0.12746561196525574
2409,0.14054366933562923
2410,0.10340241131547279
2411,0.13192303688406248
2412,0.13754334793623757
2413,0.14754813868928185
2414,0.162123557145756
2415,0.158558732090041
2416,0.04244329850582895
2417,0.08496415957762116
2418,0.09891651126066003
2419,0.12015828768959924
2420,0.1464956934382804
2421,0.12779119663229377
2422,0.06670620412435158
2423,0.05339433025419282
2424,0.06443367863547578
2425,0.08909656561279267
2426,0.13784448389633175
2427,0.13237491121787848
2428,0.11552327251109551
2429,0.11464463242486778
2430,0.10455351853010475
2431,0.1103577582441031
2432,0.11193884310519042
2433,0.11228841659217892
2434,0.1208320296414862
2435,0.10775708995443889
2436,0.08266176402625502
2437,0.10520022283842723
2438,0.09435030514224296
2439,0.08653787502303434
2440,0.07977797939380271
2441,0.08015983343154898
2442,0.10016875411594839
2443,0.11739116699061203
2444,0.11909726343264859
2445,0.04362767019255509
2446,0.09024896453797115
2447,0.10184589370818542
2448,0.08397989158570773
2449,0.10107995124988256
2450,0.09416435597432926
2451,0.09586827853121571
2452,0.07945750783642191
2453,0.0427957424399128
2454,0.0513862295340104
2455,0.05193964074083901
2456,0.07165679517434631
2457,0.06470554640379289
2458,0.10023376777678816
2459,0.13090946583750984
2460,0.05777923828628451
2461,0.07983168811104102
2462,0.027999996794396242
2463,0.032914676401605725
2464,0.033253712067600194
2465,0.04575727186064782
2466,0.040341212031134166
2467,0.03739914187882931
2468,0.03526138052109884
2469,0.03645809795796717
2470,0.04639905385381704
2471,0.051601250413219724
2472,0.018899278989309654
2473,0.009878361056578466
2474,0.03211215815871338
2475,0.03763305384748161
2476,0.04030879631827
2477,0.04492070904458734
2478,0.034045863350772976
2479,0.04583083159164758
2480,0.061505247195673185
2481,0.06098706737161219
2482,0.04568755274709435
2483,0.04835263228808495
2484,0.014035516678404303
2485,0.0268892178298219
2486,0.03833736939352628
2487,0.04046257390483454
2488,0.01942847043574325
2489,0.0027484925494878354
2490,0.011235612965975195
2491,0.0034984160667959063
2492,0.010671757672370052
2493,0.008265019153384845
2494,0.011889457097810308
2495,0.010941915258419588
2496,0.015538649096551005
2497,0.016564538308793786
2498,0.01889095153047471
2499,0.021718756216020818
2500,0.012688484893363272
2501,0.015443152494539758
2502,0.015015182985469444
2503,0.01970659250195439
2504,0.013181526317873615
2505,0.012403387090684337
2506,0.018172466059784842
2507,0.015070716881145252
2508,0.01416093214225489
2509,0.014030200804917126
2510,0.011309036179219856
2511,0.02194130053596366
2512,0.013359385917293576
2513,0.010488718812545539
2514,0.014337702297213983
2515,0.015491796164381899
2516,0.010389174413758973
2517,0.010468591947256023
2518,0.004373230928104599
2519,0.009476207390847868
2520,0.011283942665711422
2521,0.008132943965104555
2522,0.00860643654002824
2523,-0.0002762326258727299
2524,0.00954805044131124
2525,0.013585896226800287
2526,0.014736462235342973
2527,0.014083050172525091
2528,0.01141173532542017
2529,0.010880968857716056
2530,0.010537545538554571
2531,0.013464497316009627
2532,0.012390063381350291
2533,0.011051006579096079
2534,0.008886942562836397
2535,0.013291135373760365
2536,0.009911122797268357
2537,0.01262737356429966
2538,0.016581011254241496
2539,0.010550185153067826
2540,0.005994376369714338
2541,0.008376637677641519
2542,0.011030841689622095
2543,0.010951781085760004
2544,0.015360629019803174
2545,0.013613288580790028
2546,0.009701965334535823
2547,0.01073881993699266
2548,0.010292416591236142
2549,0.007409869558464344
2550,0.01036497976692008
2551,0.0011446247957742628
2552,0.010026924657715819
2553,0.011005320901698035
2554,0.01131836877655501
